id,name,label
12365,Emma,Emma
10419,é˜¿é¥¼èåœ,é˜¿é¥¼èåœ
10915,æ¨±æ¡ƒå°å§,æ¨±æ¡ƒå°å§
11993,é‡è§æˆ‘,é‡è§æˆ‘
11444,SweetieScheer,SweetieScheer
11141,è¶Šæ¥è¶Šå¥½æ¥æ¥æ¥,è¶Šæ¥è¶Šå¥½æ¥æ¥æ¥
10258,çº¢é…’çƒ©é¸¡,çº¢é…’çƒ©é¸¡
11736,sheila,sheila
11497,èåœ,èåœ
12031,ä¸€åªèŠ±ç”»,ä¸€åªèŠ±ç”»
12411,å°é’ç“¦,å°é’ç“¦
11165,å­å°ç»µç»µ,å­å°ç»µç»µ
12866,çˆ±åƒ,çˆ±åƒ
11828,å‡¡çµ,å‡¡çµ
11739,ghost-201606,ghost-201606
10211,è·¯äººä¹Œé¾Ÿ,è·¯äººä¹Œé¾Ÿ
13376,é£Žèµ·,é£Žèµ·
12191,å‹–å‹–ç»ˆç¬™,å‹–å‹–ç»ˆç¬™
13246,å®¿äº‘,å®¿äº‘
10328,æ·±æµ·åŒ—å±¿,æ·±æµ·åŒ—å±¿
12817,æ©™ã€‚ä¸ƒ,æ©™ã€‚ä¸ƒ
13092,å‰§çƒˆçš„è¯­è¨€ç¼–ç¨‹,å‰§çƒˆçš„è¯­è¨€ç¼–ç¨‹
10738,å¤§è„¸sunny,å¤§è„¸sunny
10290,MONICA,MONICA
13371,æµ·è¾¹çš„å°åŒ—åŒ—,æµ·è¾¹çš„å°åŒ—åŒ—
12663,é€ƒä¹‹å¤­å¤­,é€ƒä¹‹å¤­å¤­
10320,crystal,crystal
12834,é­ƒ,é­ƒ
13002,ç»™æˆ‘ç‰›å¥¶,ç»™æˆ‘ç‰›å¥¶
12968,FantasyVan,FantasyVan
11726,Annnnnnnnnie,Annnnnnnnnie
10678,è¤šå¿ƒ,è¤šå¿ƒ
10125,é£Žé©¬,é£Žé©¬
13162,April,April
11010,è¿˜æ²¡æƒ³å¥½å«å•¥å,è¿˜æ²¡æƒ³å¥½å«å•¥å
13100,reneeWU,reneeWU
11934,é˜¿å¨,é˜¿å¨
12720,èŠ¦è‹‡æµ·èµ°å¤±,èŠ¦è‹‡æµ·èµ°å¤±
13115,æ–¯å·«å®‰,æ–¯å·«å®‰
11883,Viviane Li,Viviane Li
11788,LLLucky,LLLucky
11724,å¡‘æ–™æžª,å¡‘æ–™æžª
10702,æ¡œ,æ¡œ
10449,è–›å®šè°”çš„çŒ«,è–›å®šè°”çš„çŒ«
11969,å…‰Hikari,å…‰Hikari
12472,å“äº®çš„åå·,å“äº®çš„åå·
13080,ç‹å°ç‹¸,ç‹å°ç‹¸
13215,å®‰éœ“,å®‰éœ“
11738,youknowwho,youknowwho
13109,donuté˜¿å©†,donuté˜¿å©†
11717,æˆ‘æ˜¯ä½ çš„å°æ©˜å­,æˆ‘æ˜¯ä½ çš„å°æ©˜å­
11026,çŒªå¤´ä¸å–,çŒªå¤´ä¸å–
11822,ä½æ°¸æ— å²›çš„çŒ«å”,ä½æ°¸æ— å²›çš„çŒ«å”
12801,Niki,Niki
12700,å°ç™½,å°ç™½
12176,å¼ ä¸é™,å¼ ä¸é™
10663,Î±,Î±
12297,WYXF,WYXF
10310,æ°´æ¡¶åœˆåœˆ,æ°´æ¡¶åœˆåœˆ
10511,mew,mew
11262,laura,laura
10741,æ±—ç å¸ä»¤,æ±—ç å¸ä»¤
12920,kelaura,kelaura
13031,è‡ªç„¶å·,è‡ªç„¶å·
13134,é˜¿å·å·,é˜¿å·å·
10142,homeland,homeland
10625,Cherryæ¨±æ¡ƒä¹‹è¿œ,Cherryæ¨±æ¡ƒä¹‹è¿œ
12103,äºŒå…ƒé‡Œç¾Ž,äºŒå…ƒé‡Œç¾Ž
12479,æž•ç€äº‘ç¡ç¡,æž•ç€äº‘ç¡ç¡
10707,NOONE,NOONE
12268,å¤æ™—å¦‚å­ï½ž,å¤æ™—å¦‚å­ï½ž
10880,ä¸€å®¶é›€,ä¸€å®¶é›€
11520,åº¸å¸¸ä¿—å­,åº¸å¸¸ä¿—å­
13282,è‰¾ç±³,è‰¾ç±³
11209,Bubblegum,Bubblegum
11942,conservertive,conservertive
12846,å…‹èŽ‰ä¸æ±€KLST,å…‹èŽ‰ä¸æ±€KLST
11259,åŒå­æ˜Ÿç©º,åŒå­æ˜Ÿç©º
11406,é˜¿æ±¤çš„è¿·å¦¹,é˜¿æ±¤çš„è¿·å¦¹
11215,ç»µç»µ,ç»µç»µ
12034,Alba,Alba
12515,é˜¿å¸ƒå‚»é¾™å§†,é˜¿å¸ƒå‚»é¾™å§†
12528,â™¡,â™¡
10198,æ¬£æ¬£å’Œç³¯ç³¯,æ¬£æ¬£å’Œç³¯ç³¯
12913,ç¼…æ €,ç¼…æ €
13129,å–µçš„,å–µçš„
13075,caoer0987,caoer0987
12341,åœŸè‚¥åœ†å‘è´¢ç¾Š,åœŸè‚¥åœ†å‘è´¢ç¾Š
11416,åå››ç•«,åå››ç•«
10007,ä¹”å°¼.,ä¹”å°¼.
13403,ä½ é†’é†’,ä½ é†’é†’
12725,å¤§æ˜Žç´«å®«ç°ç™½çš„,å¤§æ˜Žç´«å®«ç°ç™½çš„
13209,æŒ‰ä½æŒ¡æžªå£,æŒ‰ä½æŒ¡æžªå£
11160,ç±³æ­‡é²,ç±³æ­‡é²
13299,ä¸€å€‹æ¨¸æ­Œ,ä¸€å€‹æ¨¸æ­Œ
10155,å¸¸å¼€å¿ƒ,å¸¸å¼€å¿ƒ
10167,å­¤ç‹¬ç—‡è€…,å­¤ç‹¬ç—‡è€…
10090,ä¸é«˜å…´çš„ä¸¤é“æ ,ä¸é«˜å…´çš„ä¸¤é“æ 
12537,æ¶çš„å–„è‰¯äºº,æ¶çš„å–„è‰¯äºº
12611,Luna,Luna
11177,å¤±å¸¸åœ¨,å¤±å¸¸åœ¨
11601,å¦–å¥³åœ¨ç¾Žå›½,å¦–å¥³åœ¨ç¾Žå›½
13142,è”š,è”š
12786,imyolanda,imyolanda
13245,æœ•å·²é˜…,æœ•å·²é˜…
12033,ç³•æ¡,ç³•æ¡
13252,æ¨èŽ¹,æ¨èŽ¹
10062,20å¹´,20å¹´
12209,æ­£ç‰ˆé’çŽ–çŽ–,æ­£ç‰ˆé’çŽ–çŽ–
12549,ç±³é…±æœ‰ç‚¹çŠŸ,ç±³é…±æœ‰ç‚¹çŠŸ
11529,åˆ«çŒœäº†,åˆ«çŒœäº†
10525,ottsan,ottsan
11776,æ‚è„¸å…š,æ‚è„¸å…š
10558,å‰çƒ§,å‰çƒ§
12289,è–‡å„¿,è–‡å„¿
13111,å°è‰èŽ“å“ˆå“ˆ,å°è‰èŽ“å“ˆå“ˆ
11891,amo,amo
11039,9,9
12363,ç§¯æœ¨,ç§¯æœ¨
10025,adjani,adjani
13378,æ…¢æ…¢,æ…¢æ…¢
13141,ç”¨æˆ·åå¤ªé•¿æ— â€¦,ç”¨æˆ·åå¤ªé•¿æ— â€¦
12644,jean57057,jean57057
11681,HebeG,HebeG
12672,å°æ£®æž—-vert,å°æ£®æž—-vert
12799,èåœä¸åœ¨å…”å­åœ¨,èåœä¸åœ¨å…”å­åœ¨
11999,Tamaru,Tamaru
10790,é‡æ¨±,é‡æ¨±
11718,å¼ èŒ,å¼ èŒ
11001,Who am IðŸ’“,Who am IðŸ’“
13185,è’‹è’‹,è’‹è’‹
10968,è€é˜¿å§¨,è€é˜¿å§¨
11279,èŒ¶èŒ¶may,èŒ¶èŒ¶may
11063,å¤§çŠå­,å¤§çŠå­
11527,æ¡‚æž,æ¡‚æž
12436,è‹—å¤§çŸ³,è‹—å¤§çŸ³
11626,Sherry?,Sherry?
11387,Colorå›¾,Colorå›¾
12762,Mikko,Mikko
12754,Unique0418,Unique0418
13008,æ¡ƒå­ðŸ‘Feya,æ¡ƒå­ðŸ‘Feya
13256,å¤©ä½¿åœ¨æ‰“ç›¹,å¤©ä½¿åœ¨æ‰“ç›¹
10607,å™¢,å™¢
12633,å’¿å’¿å‘€å‘€å°èŠ±ç‰›,å’¿å’¿å‘€å‘€å°èŠ±ç‰›
11701,ç’Ÿ,ç’Ÿ
11469,Pantry's best,Pantry's best
11779,ç™½å¤œç‹¬è¡Œ,ç™½å¤œç‹¬è¡Œ
13026,Iris,Iris
11125,å°æ˜±,å°æ˜±
12781,å´åŒ†åŒ†,å´åŒ†åŒ†
12823,sweety,sweety
11618,fresh,fresh
10780,Chenâ™«,Chenâ™«
10245,åˆé‡,åˆé‡
11723,åŒçœ¼çš®é©´è›‹è›‹,åŒçœ¼çš®é©´è›‹è›‹
11410,ä¸€æœµé±¼,ä¸€æœµé±¼
11735,Sophia Ray,Sophia Ray
11353,é²å…ˆæ£®çš„å¤ªå¤ª,é²å…ˆæ£®çš„å¤ªå¤ª
10168,ÏƒX,ÏƒX
11720,cq414,cq414
13096,æ±Ÿæ•²å“©,æ±Ÿæ•²å“©
13014,xianren,xianren
12597,èœ‚èœœä¸Žç™½è‰²æ¨±è‰,èœ‚èœœä¸Žç™½è‰²æ¨±è‰
12270,Dã€‚åä¸‰,Dã€‚åä¸‰
10585,é˜¿æµ©,é˜¿æµ©
13213,ä¸è¾£çš„çš®ç‰¹,ä¸è¾£çš„çš®ç‰¹
13236,ä¸Žå±±å—£éŸ³,ä¸Žå±±å—£éŸ³
12263,è¦ªé¸ž,è¦ªé¸ž
11831,å–æŠ¥å°ç”»å®¶ï½ž,å–æŠ¥å°ç”»å®¶ï½ž
12490,å¤ªé˜³ä¸‹å±±,å¤ªé˜³ä¸‹å±±
10333,Sh3n,Sh3n
12596,lisyrebecca,lisyrebecca
12960,Miuccia,Miuccia
13369,çˆ±ç¾Žä¸½çš„Lilyå§,çˆ±ç¾Žä¸½çš„Lilyå§
12776,éœ¸æ°”ä¸æ˜¯æˆ‘çš„èŒƒ,éœ¸æ°”ä¸æ˜¯æˆ‘çš„èŒƒ
12970,ä½Žç³–æ‹¿é“,ä½Žç³–æ‹¿é“
12900,vedoo,vedoo
12951,èˆäºˆ,èˆäºˆ
10093,S_umer,S_umer
11151,è„–å­in rehab,è„–å­in rehab
12440,wendy,wendy
11900,å°ç¾Šç¾Šå°±æ˜¯æˆ‘å•Š,å°ç¾Šç¾Šå°±æ˜¯æˆ‘å•Š
10505,ä¸€é¢—ç‰›æ²¹æžœ,ä¸€é¢—ç‰›æ²¹æžœ
12085,superxn,superxn
10430,é™ˆå¢¨,é™ˆå¢¨
10464,Larffilinc.,Larffilinc.
11474,å¥³å­©A,å¥³å­©A
10296,é‚¢é“æ‹³,é‚¢é“æ‹³
12041,Scarlett,Scarlett
13105,é™å¢¨è¯­ç„‰,é™å¢¨è¯­ç„‰
11383,ViviaðŸ¥,ViviaðŸ¥
10274,äºŒäºŒå®…å¥³,äºŒäºŒå®…å¥³
11414,SuuuTo,SuuuTo
12902,ç»µå®,ç»µå®
13253,huangchuwen110,huangchuwen110
12357,å¨å¨,å¨å¨
10542,Mr.sky,Mr.sky
12228,å†ˆå¤šå…¬ä¸»èŠ±ç”Ÿç±³,å†ˆå¤šå…¬ä¸»èŠ±ç”Ÿç±³
11708,å°å¥³è´¼å®¶è€ä¸­åŒ»,å°å¥³è´¼å®¶è€ä¸­åŒ»
11963,greywindgrey,greywindgrey
12973,é‚“è¶…è¿·å¦¹å°±æ˜¯æˆ‘,é‚“è¶…è¿·å¦¹å°±æ˜¯æˆ‘
10441,ç—…æ€è’åŽŸç‹¼,ç—…æ€è’åŽŸç‹¼
10270,Tobacoo,Tobacoo
12741,é›…å„¿,é›…å„¿
11466,å–µå‘œ,å–µå‘œ
11634,æ¤°å­å¥½åƒ,æ¤°å­å¥½åƒ
12056,SS,SS
11517,encore,encore
10664,è‹’è‡¾,è‹’è‡¾
13268,camilleursula,camilleursula
10644,brunch,brunch
11338,é˜¿æ‹‰ç¯ç¥žä¸,é˜¿æ‹‰ç¯ç¥žä¸
12141,è£˜åƒå°ºæœ¬å°º,è£˜åƒå°ºæœ¬å°º
11880,Scorpio,Scorpio
13034,ç™½è‹,ç™½è‹
12473,Katherine Yi,Katherine Yi
13330,åŒæµŽå›è¯·çˆ±æˆ‘,åŒæµŽå›è¯·çˆ±æˆ‘
12674,xjccc,xjccc
10402,Gè›‹è›‹,Gè›‹è›‹
11076,Lie,Lie
12082,ayaing,ayaing
12987,å®å¼€äº®,å®å¼€äº®
13087,æ©˜å­çˆ±åƒè‘¡è„,æ©˜å­çˆ±åƒè‘¡è„
11127,å™—ã€å°çº¢çƒ§è‚‰,å™—ã€å°çº¢çƒ§è‚‰
12355,èŽœæŸšå¿±,èŽœæŸšå¿±
11153,éžè‘—åå°éž­éž­,éžè‘—åå°éž­éž­
13335,æ¡‘æ²³_____,æ¡‘æ²³_____
10241,Effy å–µðŸ’™,Effy å–µðŸ’™
11054,èƒ¡å°å‰,èƒ¡å°å‰
10930,CharlotteðŸ‘‘,CharlotteðŸ‘‘
12170,å´äº†å®‰,å´äº†å®‰
12873,ç¬‘å¯¹äººç”Ÿ,ç¬‘å¯¹äººç”Ÿ
11250,w.r,w.r
10166,carmen,carmen
10055,å…­è§’,å…­è§’
12714,å¸ƒé­¯é†¬,å¸ƒé­¯é†¬
11388,èŠ¥å­,èŠ¥å­
12653,FuckingCheney,FuckingCheney
12914,æœªè‹¥,æœªè‹¥
12822,æµªè¿¹å¤©æ¶¯ä¸æŒªæ­¥,æµªè¿¹å¤©æ¶¯ä¸æŒªæ­¥
12108,æŸ³é¦§æ€¡,æŸ³é¦§æ€¡
11663,ä¹Œå¡å¡,ä¹Œå¡å¡
10548,çž³å­”æŸ æª¬é»„,çž³å­”æŸ æª¬é»„
12373,ç”©æ‰‹é’å¹´,ç”©æ‰‹é’å¹´
12882,é€—åŒ…æ€ª,é€—åŒ…æ€ª
12115,å’»,å’»
12775,è°å­¦è°ä¸ä¼š,è°å­¦è°ä¸ä¼š
12815,å°±è¿™æ ·é™æ‚„æ‚„,å°±è¿™æ ·é™æ‚„æ‚„
11833,æˆ‘ä¿¡äº†ä½ çš„é‚ªå‘€,æˆ‘ä¿¡äº†ä½ çš„é‚ªå‘€
13306,å•Šå•Šå•Šé‚¹å¤§å¦ˆ,å•Šå•Šå•Šé‚¹å¤§å¦ˆ
11465,Three Gimlets,Three Gimlets
10226,èƒå¿ƒ,èƒå¿ƒ
12138,èŠ±ç”Ÿå°èƒ–å¦žå„¿,èŠ±ç”Ÿå°èƒ–å¦žå„¿
12602,å…”å­ã€‚,å…”å­ã€‚
10821,æžæ¡ ,æžæ¡ 
10496,æ‹Ÿè§,æ‹Ÿè§
10016,wayway,wayway
10627,é¡¾ç›¼ç›¼,é¡¾ç›¼ç›¼
11864,é£žé¸Ÿå’Œé±¼,é£žé¸Ÿå’Œé±¼
10680,æ°µ,æ°µ
13372,wangjunlili,wangjunlili
11685,å°daoyané›€æ–‘,å°daoyané›€æ–‘
13030,å®‰å¦®é›ªèŽ‰anne,å®‰å¦®é›ªèŽ‰anne
11098,kimi,kimi
12708,å–µaç†Š,å–µaç†Š
13254,flashlan,flashlan
11838,æ™¶æ™¶,æ™¶æ™¶
13050,Florida-,Florida-
12558,labyrinthæœˆ,labyrinthæœˆ
12511,kellychl,kellychl
11265,æ½˜æµ·åˆ©æ ¹,æ½˜æµ·åˆ©æ ¹
12564,å®‰çªæ‹‰,å®‰çªæ‹‰
13041,Ms.00,Ms.00
11293,E,E
11069,å¿µåŽ»åŽ»,å¿µåŽ»åŽ»
11860,äºŒç™½,äºŒç™½
10857,æ€‚è¾£!@,æ€‚è¾£!@
10001,é™æ–‡å¨å¨,é™æ–‡å¨å¨
12318,äº¦ç¥º,äº¦ç¥º
10685,luä¸€è¯­,luä¸€è¯­
11385,çº¢è±†ç”Ÿå—å›½,çº¢è±†ç”Ÿå—å›½
12430,é˜¿æ‚ å“ˆ,é˜¿æ‚ å“ˆ
12821,Soberta,Soberta
10894,å¿«ä¹å† å†›,å¿«ä¹å† å†›
12076,ä¹,ä¹
12037,ä¸åšåŠ¨ç‰©å›­å›­é•¿,ä¸åšåŠ¨ç‰©å›­å›­é•¿
11728,ç‡•å­,ç‡•å­
11661,tongrui,tongrui
12359,é˜¿æ€ªã€,é˜¿æ€ªã€
11329,æŸå§‘å¨˜Francis,æŸå§‘å¨˜Francis
10096,é€ƒé¿è´¦å·,é€ƒé¿è´¦å·
13280,é¥¥æ¸´æŽèŽ«æ„,é¥¥æ¸´æŽèŽ«æ„
12285,å£¹è¡£,å£¹è¡£
12185,ç¯ç¯ç¯,ç¯ç¯ç¯
10221,strong,strong
12371,å¤å¯‚,å¤å¯‚
13177,å¤§æ‡’çŒ«,å¤§æ‡’çŒ«
11470,ç¥žä»™é™é™,ç¥žä»™é™é™
11528,ç™½æµ…ä¸ç™½æµ…,ç™½æµ…ä¸ç™½æµ…
10583,ç­±èŠðŸ§€ï¸,ç­±èŠðŸ§€ï¸
10145,æœ‰å—³,æœ‰å—³
12956,jiujiu0617,jiujiu0617
10099,ç§‹è‰³,ç§‹è‰³
10937,sleepif,sleepif
11064,æœªè®¾ç½®,æœªè®¾ç½®
12375,è¨€åˆæ ©æ ©,è¨€åˆæ ©æ ©
10522,297,297
11271,ä½ çš„ç›®å…‰çœ‹æµ·,ä½ çš„ç›®å…‰çœ‹æµ·
11945,ç‚Žå†¬,ç‚Žå†¬
11570,987654321,987654321
10052,RuC_,RuC_
11608,é¦™è¾£è™¾,é¦™è¾£è™¾
11500,Cadilluck,Cadilluck
11310,å°æ–‡å°æ¡”,å°æ–‡å°æ¡”
10377,2049,2049
12287,Anniko,Anniko
11892,å‡‰æ°´å¡žç‰™,å‡‰æ°´å¡žç‰™
10739,ç‡•çª,ç‡•çª
13056,ä¹”æ²»çš„å°æé¾™,ä¹”æ²»çš„å°æé¾™
12619,åˆéš,åˆéš
11217,é™ˆèŠ±èŠ±,é™ˆèŠ±èŠ±
10797,Aquarius,Aquarius
10492,anna,anna
11769,i,i
10840,Zaraha,Zaraha
11152,Gardiner,Gardiner
13383,æˆ‘æ˜¯ä¸¤æ¡é±¼,æˆ‘æ˜¯ä¸¤æ¡é±¼
12533,å°æ°¸è¿œ,å°æ°¸è¿œ
11263,dajing,dajing
11370,bflxx,bflxx
12094,tamashi,tamashi
11219,æœ€å¥½çš„â€¦,æœ€å¥½çš„â€¦
10633,niki,niki
11770,æœ±å°å¤­å¤­,æœ±å°å¤­å¤­
10288,PennyLane,PennyLane
10120,å°è„‘æ–§ä¸Šç¯å°,å°è„‘æ–§ä¸Šç¯å°
10106,å–æ°´ä¹Ÿèƒ–,å–æ°´ä¹Ÿèƒ–
12963,æ˜Žçƒ›å¤©å—,æ˜Žçƒ›å¤©å—
12036,æˆ‘æ˜¯ä¸ªå°é©¬ç”²,æˆ‘æ˜¯ä¸ªå°é©¬ç”²
12858,æŒ‡å°–ç²¾çµ,æŒ‡å°–ç²¾çµ
13315,é©¬xiaoè‹¥,é©¬xiaoè‹¥
11056,Gingerbread,Gingerbread
11861,jasmine,jasmine
10936,ä¹ˆä¹ˆæœº,ä¹ˆä¹ˆæœº
12095,åƒæ³ å·ä¸Šæ›°,åƒæ³ å·ä¸Šæ›°
10926,æ´£æ¡¥,æ´£æ¡¥
10286,ç‘œä¼½è¾¾äºº,ç‘œä¼½è¾¾äºº
12467,ç±³è™¾,ç±³è™¾
10523,Ariellan,Ariellan
11875,Alindy-,Alindy-
13107,æ˜Žæ˜Žå¦‚æœˆ,æ˜Žæ˜Žå¦‚æœˆ
11288,åœˆåœˆ,åœˆåœˆ
10182,Sara Matthews,Sara Matthews
11602,èŒã€‚,èŒã€‚
13241,ä¸§ç³»å°‘å¥³å¤§é»‘é»‘,ä¸§ç³»å°‘å¥³å¤§é»‘é»‘
10964,æ‰£è‚‰çš‚,æ‰£è‚‰çš‚
12011,ç¬¨å°å­©,ç¬¨å°å­©
12909,waka,waka
10343,Mia,Mia
13165,kkçš„å°çŸ­è…¿,kkçš„å°çŸ­è…¿
10036,XGBL,XGBL
11021,tachion,tachion
10573,æ…µæ‡’çš„ç‹¬èˆžè€…,æ…µæ‡’çš„ç‹¬èˆžè€…
11953,æŽå°æºª,æŽå°æºª
13055,å°ç”°åˆ‡è®©ä¸€è®©,å°ç”°åˆ‡è®©ä¸€è®©
11275,Krystal,Krystal
11604,masaka,masaka
10349,WANDER@LUST,WANDER@LUST
10750,æçº¢å®¶å°å¤ªé˜³,æçº¢å®¶å°å¤ªé˜³
11748,æ˜¥å¤ç§‹å†¬å–µå–µé…±,æ˜¥å¤ç§‹å†¬å–µå–µé…±
11273,èŒ…è‰å±‹666,èŒ…è‰å±‹666
11978,ä¸ç›¸çŸ¥ï¼ŒèŽ«ç›¸è¯†,ä¸ç›¸çŸ¥ï¼ŒèŽ«ç›¸è¯†
12019,é»˜2.0,é»˜2.0
12050,cry baby,cry baby
12670,èƒ¡æµ©åª›,èƒ¡æµ©åª›
10044,LexieShi,LexieShi
13039,ä’¬è¾°,ä’¬è¾°
11321,å®žéªŒå“12å·,å®žéªŒå“12å·
11927,ä¸Žä½ äº¤åˆç”šæ¬¢fre,ä¸Žä½ äº¤åˆç”šæ¬¢fre
11114,éº»è–¯æ±¤åœ†,éº»è–¯æ±¤åœ†
12911,silvia_KF,silvia_KF
10532,ç™½é“¶å¹³,ç™½é“¶å¹³
10394,å¤§èƒ–w,å¤§èƒ–w
10415,ç™½é¹¿,ç™½é¹¿
13062,Nelly,Nelly
13097,é…±çˆ†è‚‰,é…±çˆ†è‚‰
12612,é¹«é¸³ã€‚,é¹«é¸³ã€‚
10653,é™ˆæ©™æ¾„,é™ˆæ©™æ¾„
10537,llliuæ˜“,llliuæ˜“
13323,î”¬ babyllS.,î”¬ babyllS.
12398,cht.,cht.
11687,å¤§æ´‹å­,å¤§æ´‹å­
11101,å•Šå“ˆ,å•Šå“ˆ
12901,æš–å®81,æš–å®81
13029,é¥®é©¬,é¥®é©¬
10056,nonosaid,nonosaid
11251,è‘£å°‘å¹´,è‘£å°‘å¹´
12424,å±±å±±å›å°±æ˜¯æˆ‘,å±±å±±å›å°±æ˜¯æˆ‘
10817,æœªæ›¾é—å¿˜,æœªæ›¾é—å¿˜
10714,è¯·ä¸è¦æ‰¾æˆ‘å“¦,è¯·ä¸è¦æ‰¾æˆ‘å“¦
11389,YaYoYo,YaYoYo
12074,é™ˆå–œæ´‹,é™ˆå–œæ´‹
10900,åŽæ‚”ç»¼åˆå¾,åŽæ‚”ç»¼åˆå¾
12620,æ€ªç‰©äº‘,æ€ªç‰©äº‘
12645,å°å¼ ,å°å¼ 
13073,libertÃ©,libertÃ©
13000,çŽ‹è‰ºç’‡,çŽ‹è‰ºç’‡
11323,æ‚ å“ˆsoda,æ‚ å“ˆsoda
10539,å¿ƒå¿«å¾—è¦é£žèµ·æ¥,å¿ƒå¿«å¾—è¦é£žèµ·æ¥
11975,Die Strene,Die Strene
11033,æœˆé‡ŽðŸ°é…±,æœˆé‡ŽðŸ°é…±
11019,booktownred,booktownred
11477,Elfa-,Elfa-
13198,ðŸ•Š,ðŸ•Š
12930,sushançš„ä¸–ç•Œ,sushançš„ä¸–ç•Œ
12370,çŽ‹ç¬‘ç‰§,çŽ‹ç¬‘ç‰§
12325,å‘é˜³çš„è–„è·è™¾,å‘é˜³çš„è–„è·è™¾
11840,å–‚çŒ«åŽ»,å–‚çŒ«åŽ»
11722,å¤§ç™½é²¨å°ä¸‘é±¼,å¤§ç™½é²¨å°ä¸‘é±¼
12418,ï¼ŠðŸŽðŸ’ðŸ“ðŸ§€ðŸ¡ðŸ¦,ï¼ŠðŸŽðŸ’ðŸ“ðŸ§€ðŸ¡ðŸ¦
10596,tj303,tj303
11471,é“æ¿çƒ§,é“æ¿çƒ§
10306,å¿ƒèŒ—,å¿ƒèŒ—
11656,bambooç†Š,bambooç†Š
12530,å‘æš–,å‘æš–
10375,rrrrosie,rrrrosie
12553,æˆ‘å®¶å–µåŽ»å“ªå„¿äº†,æˆ‘å®¶å–µåŽ»å“ªå„¿äº†
11086,å“²ç”Ÿ,å“²ç”Ÿ
13267,å…”å­ç”œé¢é…±,å…”å­ç”œé¢é…±
12607,æ‰‹æœºç”¨æˆ·1366058,æ‰‹æœºç”¨æˆ·1366058
11089,ä½ æƒ³æ€Žæ ·,ä½ æƒ³æ€Žæ ·
10546,è¿·è¥¿è¥¿,è¿·è¥¿è¥¿
10213,sillyann,sillyann
11815,å°æš–,å°æš–
12852,ä¸€é¢—æŽå­,ä¸€é¢—æŽå­
12348,æ™‚+Moment,æ™‚+Moment
11700,ä¸çˆ±æ ¸æ¡ƒçˆ±æä»,ä¸çˆ±æ ¸æ¡ƒçˆ±æä»
10534,victory.le,victory.le
12236,æ˜¥é›¨ðŸª,æ˜¥é›¨ðŸª
10110,é›¶é˜³,é›¶é˜³
12192,ç‹„å®‰,ç‹„å®‰
12160,ç¾¤å­,ç¾¤å­
12379,çŽ²ç‘1216,çŽ²ç‘1216
11734,ä½ è¯´æˆ‘æ˜¯è°,ä½ è¯´æˆ‘æ˜¯è°
12395,æƒŠè‰³äº†æ—¶å…‰,æƒŠè‰³äº†æ—¶å…‰
11513,leaze,leaze
10715,é¯–æ£—,é¯–æ£—
11407,å«â€¦å«èŠ±å­å§,å«â€¦å«èŠ±å­å§
11015,Somnus,Somnus
10863,å¤§èŒ¶åŒ…,å¤§èŒ¶åŒ…
10404,Rinnnaéœ“å¨œ,Rinnnaéœ“å¨œ
10332,è“¬èŽ±åœˆåœˆ,è“¬èŽ±åœˆåœˆ
13385,å¹³,å¹³
11967,é‚£çƒ‚é™€å¯ºå®‰,é‚£çƒ‚é™€å¯ºå®‰
13085,è®¸å°äº”ã€‚,è®¸å°äº”ã€‚
10325,æ•…å›¾,æ•…å›¾
12889,æˆ‘æ¯”ä½ ç”œ,æˆ‘æ¯”ä½ ç”œ
11521,ä¸€åªå¤§èŒé¹…,ä¸€åªå¤§èŒé¹…
12149,åŒ…å­è¢«æˆ‘å’¬å“­äº†,åŒ…å­è¢«æˆ‘å’¬å“­äº†
12256,: ),: )
11643,Demxx,Demxx
10414,Blue Sky,Blue Sky
11680,âˆ‘,âˆ‘
12413,ç›¸è‘‰æ°,ç›¸è‘‰æ°
13208,M_jwæˆ’éª„æˆ’èº,M_jwæˆ’éª„æˆ’èº
13200,æŽæ¢¦æƒ³-Dreamer,æŽæ¢¦æƒ³-Dreamer
11221,æœ¨æœ¨å…„,æœ¨æœ¨å…„
12916,Mrchenxh,Mrchenxh
11635,é£Žå¹è¿‡è¿™ä¸ªæ˜¥å¤©,é£Žå¹è¿‡è¿™ä¸ªæ˜¥å¤©
10295,ä¹¾ä¹¾,ä¹¾ä¹¾
10788,eeeee11,eeeee11
11611,ç«‹å¤,ç«‹å¤
10642,kongwen0902,kongwen0902
12488,çƒ­æ³ªç›ˆçœ¶å°å§,çƒ­æ³ªç›ˆçœ¶å°å§
12560,åƒé¥­ç¡è§‰æ‰“æ€ªå…½,åƒé¥­ç¡è§‰æ‰“æ€ªå…½
11168,lliwgnivila,lliwgnivila
12295,lotusæ‚²æ‚¯,lotusæ‚²æ‚¯
13076,naxi,naxi
12636,loseclown,loseclown
11386,blueing,blueing
11866,zxyzxyzxy,zxyzxyzxy
12993,ä¨®å¬Œ,ä¨®å¬Œ
12339,åŒ…å­,åŒ…å­
11356,lllola,lllola
11691,å¤ç›®,å¤ç›®
11836,canapotery,canapotery
13389,æ¦´èŽ²å›,æ¦´èŽ²å›
10665,Aha_Xiaojuan,Aha_Xiaojuan
11650,å°é‡Žå…½èŒƒå¦®,å°é‡Žå…½èŒƒå¦®
13289,è”·è–‡,è”·è–‡
12601,ä¹ä¹,ä¹ä¹
13012,stacie_ç°,stacie_ç°
12881,é›¨å­,é›¨å­
10616,å†¬å¤©è·¯ä¸Šçš„è½¦è¾™,å†¬å¤©è·¯ä¸Šçš„è½¦è¾™
11943,Aveline,Aveline
10231,Yoky,Yoky
12224,é•¿ç¬‘æ²³é©¬,é•¿ç¬‘æ²³é©¬
10048,åŽ‚èŠ±èŠ±èŠ±,åŽ‚èŠ±èŠ±èŠ±
12173,yier,yier
11212,æ— åæ°,æ— åæ°
13351,Oahen,Oahen
12569,çº¢æµ†æžœæžœå­,çº¢æµ†æžœæžœå­
12637,kkkkknune,kkkkknune
12706,å°ç™½èœå•Šå“ˆå“ˆå“ˆ,å°ç™½èœå•Šå“ˆå“ˆå“ˆ
10561,ç‹—è›‹,ç‹—è›‹
13393,outsider,outsider
10137,ä»å…¨é“¨,ä»å…¨é“¨
12807,é»„æ˜ä½¿è€…,é»„æ˜ä½¿è€…
13015,sara,sara
10803,é—ªç”µæ´¾,é—ªç”µæ´¾
10784,_Vicaâ‰ 85,_Vicaâ‰ 85
13138,æˆ‘çˆ±å°ç¬¼åŒ…,æˆ‘çˆ±å°ç¬¼åŒ…
10998,sunshine,sunshine
11038,åŽŒä¸–å£³,åŽŒä¸–å£³
11924,æš®æš®,æš®æš®
13374,ä¸‹é›¨ä¸å¸¦ä¼ž,ä¸‹é›¨ä¸å¸¦ä¼ž
11818,ssilenceeeee,ssilenceeeee
12703,JINæ§¿,JINæ§¿
10958,é±¼åŒåŒ,é±¼åŒåŒ
11422,é’è±†,é’è±†
11055,ä¹”é²å…‹,ä¹”é²å…‹
10452,ç¥žç»è´¨è´¨å¥½å¥½å­¦,ç¥žç»è´¨è´¨å¥½å¥½å­¦
10730,ä¸€æœµå°å°ç™½äº‘,ä¸€æœµå°å°ç™½äº‘
12543,Gia,Gia
11218,æ­ªæ­ªç‹ç‹,æ­ªæ­ªç‹ç‹
11304,å“ªæ¥é‚£ä¹ˆå¤šå¤æ‚,å“ªæ¥é‚£ä¹ˆå¤šå¤æ‚
11149,Huitingä¸ä¼šåœ,Huitingä¸ä¼šåœ
13234,æ€å¿µ,æ€å¿µ
10588,æŽåäº”,æŽåäº”
12202,å¤­å¤­,å¤­å¤­
11787,ä¸€ä¸ªè‹¹æžœ,ä¸€ä¸ªè‹¹æžœ
11243,ShirleyLee,ShirleyLee
11080,åŒ—å±±ä¸‹é›¨,åŒ—å±±ä¸‹é›¨
12110,ç”œå—,ç”œå—
10591,å¯ä¹,å¯ä¹
10504,èŽ«å°è¥¿,èŽ«å°è¥¿
11462,æœˆäº®anf,æœˆäº®anf
12083,æœªæ•£,æœªæ•£
12288,å°çº¢é±¼,å°çº¢é±¼
12838,å¸¸å¿,å¸¸å¿
12000,PolarBearNaked,PolarBearNaked
13155,ä¸€ç›†èžºç‹®ç²‰,ä¸€ç›†èžºç‹®ç²‰
12402,æ— ä¸Žä¼¦æ¯”,æ— ä¸Žä¼¦æ¯”
13318,æ¸…æ»Ÿ,æ¸…æ»Ÿ
10856,mkiood,mkiood
12226,ã…‡ã…Žã…‡,ã…‡ã…Žã…‡
12423,æ¸…é£Žå¾æ¥,æ¸…é£Žå¾æ¥
10445,ç¬ç°,ç¬ç°
13367,flor_A,flor_A
12957,ldovex,ldovex
11342,Mountain Tan,Mountain Tan
12870,max,max
10307,2å¯‡ã€‚,2å¯‡ã€‚
12326,æ‹Žçš„æ¸…å°å§,æ‹Žçš„æ¸…å°å§
11316,-å°æœˆæœˆå•Š,-å°æœˆæœˆå•Š
11901,wwå¤§é­”çŽ‹,wwå¤§é­”çŽ‹
11155,Alice,Alice
10639,sunnyday0,sunnyday0
12189,æœ¨å¤´ä¸æ˜¯ä»–èˆ…,æœ¨å¤´ä¸æ˜¯ä»–èˆ…
10362,GraciaDing,GraciaDing
11874,äº‘æ„ä¸‰åƒ,äº‘æ„ä¸‰åƒ
12049,æœ¨å…°,æœ¨å…°
11732,Stunning_Anna,Stunning_Anna
12795,å› å› æžœæžœ,å› å› æžœæžœ
13223,å¤©æ™´æ— è¯­,å¤©æ™´æ— è¯­
13350,31906991han,31906991han
13071,babalala,babalala
12335,å¶ç»çš„è½¦,å¶ç»çš„è½¦
10708,å¡‘æ–™èŠ±,å¡‘æ–™èŠ±
10794,ç½šè¹²,ç½šè¹²
10400,little7,little7
10195,è´ºå–œæ±¤,è´ºå–œæ±¤
12386,158****0900,158****0900
12944,"Hello,its me.","Hello,its me."
10841,å®‰æ£€,å®‰æ£€
10031,æµ…è£Ÿ,æµ…è£Ÿ
12695,æ¨éªéª,æ¨éªéª
10103,zizi,zizi
10602,è±†ç“£æµ‹çŽ‹,è±†ç“£æµ‹çŽ‹
11584,æˆ‘æœ€çˆ±åƒç•ªè–¯,æˆ‘æœ€çˆ±åƒç•ªè–¯
10870,é¢åŒ…è¶…äºº,é¢åŒ…è¶…äºº
10608,è‰èŽ“è–„è·ç³–,è‰èŽ“è–„è·ç³–
11695,ç“œè›‹ä»”,ç“œè›‹ä»”
10674,æ–¯å‰,æ–¯å‰
10919,å¤§é±¼æ­¢æ°´,å¤§é±¼æ­¢æ°´
12592,å®‰æ°,å®‰æ°
11379,å—¯å“¼,å—¯å“¼
11603,miki,miki
11908,ATOZ,ATOZ
12610,æ–‡æ›œ,æ–‡æ›œ
10514,kabu,kabu
12162,å®¢ä¸²æ­£ç»éªšå¹´é…±,å®¢ä¸²æ­£ç»éªšå¹´é…±
12337,æŠ¹èŒ¶å°å§,æŠ¹èŒ¶å°å§
12106,BoJack,BoJack
12081,Weiz,Weiz
11489,çƒ­çˆ±å…‰æ€ªé™†ä¸ç¦»,çƒ­çˆ±å…‰æ€ªé™†ä¸ç¦»
11951,æ˜“ç‡ƒæ˜“çˆ†æ˜“è…èš€,æ˜“ç‡ƒæ˜“çˆ†æ˜“è…èš€
12940,hiæˆ‘æ˜¯é€é¥æ•£äºº,hiæˆ‘æ˜¯é€é¥æ•£äºº
12605,Gen,Gen
12001,å°é­”å¥³doremi,å°é­”å¥³doremi
11100,Charlotte,Charlotte
11157,ä½•å‡ ,ä½•å‡ 
13235,å¤§å¤§é»„å„¿æ±Ÿæ¹–éª—å­,å¤§å¤§é»„å„¿æ±Ÿæ¹–éª—å­
13133,æ•²æ•²å¾,æ•²æ•²å¾
10951,æ‘ä¸Š-æ¢…,æ‘ä¸Š-æ¢…
12752,æƒå¿—å‡¤,æƒå¿—å‡¤
10830,two,two
10747,xian,xian
11008,fenglsd6,fenglsd6
11627,Nonskim,Nonskim
10458,ç±³åº—,ç±³åº—
12360,å¤æ™“çª,å¤æ™“çª
11224,æ˜Žå¤©ä¹Ÿä¸ä¼šå¼€å¿ƒ,æ˜Žå¤©ä¹Ÿä¸ä¼šå¼€å¿ƒ
10058,Oliver,Oliver
11629,Lyanla,Lyanla
11669,å››å­£æ™“å¾—,å››å­£æ™“å¾—
10875,è†¨èƒ–èƒ–,è†¨èƒ–èƒ–
13379,çœ‹å“ˆå“ˆå“ˆå“ˆ,çœ‹å“ˆå“ˆå“ˆå“ˆ
12640,Asmodeus,Asmodeus
13221,Espresso Shot,Espresso Shot
12510,ä»£å·ä¸ºg,ä»£å·ä¸ºg
11742,Lmlyd,Lmlyd
12064,ä¸ƒä¸ƒä¸ƒå…¬å­_,ä¸ƒä¸ƒä¸ƒå…¬å­_
12626,ä¹Œå†¬çƒ,ä¹Œå†¬çƒ
11811,æˆ‘éžæ±Ÿç¦»,æˆ‘éžæ±Ÿç¦»
10688,é€é¥å¹³ç”Ÿæ„,é€é¥å¹³ç”Ÿæ„
11050,hhhhhhh,hhhhhhh
12500,louploup,louploup
11668,ç•™å°,ç•™å°
11986,è¤ä»”,è¤ä»”
12623,keikei,keikei
12861,æ —å­,æ —å­
13021,çŸ­è…¿å°å¥³ç¥ž,çŸ­è…¿å°å¥³ç¥ž
13322,ç™½æµ·å­,ç™½æµ·å­
11108,éšé¥¼çš‡,éšé¥¼çš‡
10634,åŽè’‚,åŽè’‚
12111,Mu.Knight,Mu.Knight
11535,Master5948,Master5948
13174,å¿µå¿µä¸å¿˜,å¿µå¿µä¸å¿˜
13036,ding,ding
11992,æŽè€å¸ˆ,æŽè€å¸ˆ
12164,Oct.,Oct.
11135,å°æ¶¦æ¶¦ î”,å°æ¶¦æ¶¦ î”
12926,å›°æƒ‘ä¹‹æ˜Ÿ,å›°æƒ‘ä¹‹æ˜Ÿ
10825,winter_8,winter_8
12572,Hiï¼,Hiï¼
11082,_ç®€ç¿›`,_ç®€ç¿›`
10866,Estella,Estella
13279,é»˜é»˜çˆ±å°å°,é»˜é»˜çˆ±å°å°
12891,G,G
12958,è¢«å­¤ç‹¬å–‚é¥±,è¢«å­¤ç‹¬å–‚é¥±
11140,æ˜¥é£Žåé‡Œä¸è§ä½ ,æ˜¥é£Žåé‡Œä¸è§ä½ 
12566,é»˜é»˜,é»˜é»˜
11690,â™¬ï¸Ž,â™¬ï¸Ž
12356,å±±æœˆ,å±±æœˆ
12015,æ•å¯,æ•å¯
10581,Jin,Jin
11072,å‘†è‹¥æ½˜æ½˜,å‘†è‹¥æ½˜æ½˜
10986,ä½©ä½©èœ,ä½©ä½©èœ
10019,ä¸ƒä¸ƒ,ä¸ƒä¸ƒ
11419,é˜¿æ ‘,é˜¿æ ‘
11512,tiny,tiny
11129,ghfehcnwkd,ghfehcnwkd
11113,miyavi,miyavi
10859,æ¯›è£¤~,æ¯›è£¤~
10667,Kiyomi,Kiyomi
12174,å‘†Cï½ž,å‘†Cï½ž
13355,å¹»å¤œ,å¹»å¤œ
12616,é‚µå°ä¸«å¤´,é‚µå°ä¸«å¤´
12669,æƒŠé¸¿ç…§å½±,æƒŠé¸¿ç…§å½±
12304,vitasoy,vitasoy
12483,å¼€å¿ƒå‘ä¸Š,å¼€å¿ƒå‘ä¸Š
12387,çˆ±ç¤¼ä¸,çˆ±ç¤¼ä¸
12350,èŒèŒè’™è’™DA,èŒèŒè’™è’™DA
11653,é”™è¯¯ä¹‹çŽ‹Y,é”™è¯¯ä¹‹çŽ‹Y
12327,çŽ‹è‹¥ç¦»,çŽ‹è‹¥ç¦»
11646,AstridðŸŒ²,AstridðŸŒ²
10779,å¤å¤œæ™šé£Žä¸­çš„ä½ ,å¤å¤œæ™šé£Žä¸­çš„ä½ 
13218,åŽŸç‚¹i,åŽŸç‚¹i
12690,ä¹å¿«ä¸å¤©æ˜¨,ä¹å¿«ä¸å¤©æ˜¨
10193,æ–‡åŒ–äºº,æ–‡åŒ–äºº
13049,Panni,Panni
10852,é¢œä¾æœµæœµæœµ,é¢œä¾æœµæœµæœµ
12747,ä½ è¦åŽ»å“ªé‡ŒðŸ˜¯,ä½ è¦åŽ»å“ªé‡ŒðŸ˜¯
12673,é¹¤ç«¥,é¹¤ç«¥
12929,Miruki,Miruki
12546,milkTAT,milkTAT
11809,Dusty,Dusty
10545,Lynn,Lynn
11571,å¼“é•¿ç¥¨é£Žç¥¨é£Ž,å¼“é•¿ç¥¨é£Žç¥¨é£Ž
10576,è±†ç±³,è±†ç±³
10476,peggie,peggie
11781,Bluecat,Bluecat
12434,-Ariesxxx,-Ariesxxx
11914,å…”å­å®‰,å…”å­å®‰
12805,William,William
12351,BiXin,BiXin
12639,ç²½ç²½ç²½yy,ç²½ç²½ç²½yy
10843,æž¶ä¸ä½å™ªéŸ³,æž¶ä¸ä½å™ªéŸ³
11647,é—­é—¨ç¾¹ä¸Žé€€å ‚é¼“,é—­é—¨ç¾¹ä¸Žé€€å ‚é¼“
10864,ä¸æƒ³è¢«å‘çŽ°çš„è±†,ä¸æƒ³è¢«å‘çŽ°çš„è±†
13387,è‚¿äº†çš„çŒ«,è‚¿äº†çš„çŒ«
12205,ç“œå­å„¿,ç“œå­å„¿
10949,å¼ ä¸‰ç—´,å¼ ä¸‰ç—´
10619,æˆ‘å«ä¸€ä¸‡å•¦,æˆ‘å«ä¸€ä¸‡å•¦
11589,niuniu,niuniu
10077,æ€»æ²¡ç†å°å§,æ€»æ²¡ç†å°å§
13167,éº»è¾£å°é¾™è™¾,éº»è¾£å°é¾™è™¾
12811,@åœ°å¹³çº¿,@åœ°å¹³çº¿
12621,Hi~Alice,Hi~Alice
12756,C.æ™šå®‰,C.æ™šå®‰
12151,æ·¡é±¼,æ·¡é±¼
12894,æœºæ™ºå¦‚æˆ‘è½¯ç»µç»µ,æœºæ™ºå¦‚æˆ‘è½¯ç»µç»µ
10091,èº²è¿›ä¸–ç•Œçš„è§’è½,èº²è¿›ä¸–ç•Œçš„è§’è½
13170,åŠªåŠ›èµšé’±å¾æžœå­,åŠªåŠ›èµšé’±å¾æžœå­
10014,cutiehunterr,cutiehunterr
10196,ä½³é’å¸ƒä¸,ä½³é’å¸ƒä¸
12269,é’_CLQ,é’_CLQ
11572,Niceç•¥~~~,Niceç•¥~~~
11280,èŠ¥æœ«ç›’å­,èŠ¥æœ«ç›’å­
10516,å†ä¸ç˜¦ä¸‹åŽ»æ— é¢œæ»´joanna,å†ä¸ç˜¦ä¸‹åŽ»æ— é¢œæ»´joanna
12502,ä¸€ç²’åœ†è±†,ä¸€ç²’åœ†è±†
10175,DanyH,DanyH
13227,é¢–TRYING_ðŸ¸,é¢–TRYING_ðŸ¸
10250,å™—,å™—
11408,æš–_å®‰ç„¶,æš–_å®‰ç„¶
12948,å°å¯çˆ±çˆ±å–é…¸å¥¶,å°å¯çˆ±çˆ±å–é…¸å¥¶
12420,è¿…å“¥å„¿å’ŒçŒ¹,è¿…å“¥å„¿å’ŒçŒ¹
11849,æœªå,æœªå
11890,ç¦å‰å°å§,ç¦å‰å°å§
10372,å·¦å²¸çš„æ¯,å·¦å²¸çš„æ¯
10854,è¨å…‹ï¼,è¨å…‹ï¼
11401,åœŸè±†,åœŸè±†
10932,èœœç ’ä¹‹é—´,èœœç ’ä¹‹é—´
10883,Addison,Addison
13377,ä¸€æœµèŠ±é…±,ä¸€æœµèŠ±é…±
10206,ç‰›å¥¶å¾ˆå¿™,ç‰›å¥¶å¾ˆå¿™
13298,GT,GT
12266,silvia,silvia
13016,ç†ŠçŒ«å¾ˆsong,ç†ŠçŒ«å¾ˆsong
10189,é­”é¬¼ä¸Žå¤©ä½¿,é­”é¬¼ä¸Žå¤©ä½¿
12070,æ­ä¹‹,æ­ä¹‹
12791,MOCKING,MOCKING
12896,fukiii,fukiii
12506,æ—ºè§’å¸«å§,æ—ºè§’å¸«å§
12774,é²¸éª‘å£«,é²¸éª‘å£«
10126,summer,summer
12606,Hå¤§æ¢¦,Hå¤§æ¢¦
11819,ç¿ ç¿ ,ç¿ ç¿ 
12547,ç®€è¿·è“,ç®€è¿·è“
13150,è¥¿è‘«èŠ¦é…±,è¥¿è‘«èŠ¦é…±
12961,ç‰¹ç«‹ç‹¬è¡Œä¸Šç­çŒª,ç‰¹ç«‹ç‹¬è¡Œä¸Šç­çŒª
11919,æ¢¦æ¸¸ä»™å¢ƒ,æ¢¦æ¸¸ä»™å¢ƒ
12388,éžå¦‚æ­¤ä¸å¯,éžå¦‚æ­¤ä¸å¯
11495,è·¯äººä¹™æµ·è›¾å…¬çˆµ,è·¯äººä¹™æµ·è›¾å…¬çˆµ
10760,æ–¹æ–¹æ–¹æ–¹æ–¹æ–¹æ–¹,æ–¹æ–¹æ–¹æ–¹æ–¹æ–¹æ–¹
12508,358max,358max
12965,ç¨€é¥­å†°æ·‡æ·‹,ç¨€é¥­å†°æ·‡æ·‹
11660,maomiyy,maomiyy
11136,carolpolynn,carolpolynn
11351,.ç ”è€ç™½,.ç ”è€ç™½
11377,ðŸ‘€,ðŸ‘€
11447,Callie J,Callie J
12275,( T_T)ï¼¼(^-^ ),( T_T)ï¼¼(^-^ )
12422,ç”œç”œ,ç”œç”œ
11341,Hannah,Hannah
12406,Shirley W,Shirley W
10918,å­Ÿå®µ,å­Ÿå®µ
12788,mirai,mirai
12750,æ¾èŠ±é…¿Kiko,æ¾èŠ±é…¿Kiko
11956,å¥½å§å†ä¼š,å¥½å§å†ä¼š
11346,é˜¿æ‰£å·´,é˜¿æ‰£å·´
10902,å¤ªå¦¹æœ¬å¦¹,å¤ªå¦¹æœ¬å¦¹
11506,zicowjh,zicowjh
10230,sElf-hatEr,sElf-hatEr
13066,ç´«è‘¡è„,ç´«è‘¡è„
13284,é«˜ äºŒ,é«˜ äºŒ
13207,@_@,@_@
11583,é˜¿æ·èµ«å…¬ä¸»,é˜¿æ·èµ«å…¬ä¸»
13214,æµ´å·¾å­,æµ´å·¾å­
11536,KL,KL
12853,æ¥ æ¥ æ¥ æ¥ æ¥ å­,æ¥ æ¥ æ¥ æ¥ æ¥ å­
11122,æ•¢,æ•¢
13316,xinwei626,xinwei626
10560,fitã€‚,fitã€‚
10556,whuai,whuai
11425,Rufang,Rufang
11990,L,L
11757,è¿ªé˜¿èŒå˜š,è¿ªé˜¿èŒå˜š
11816,è±†ç“£å…¬ä¸»,è±†ç“£å…¬ä¸»
12092,é™,é™
10881,Sue,Sue
11261,æ¨Šä¸‰åœŸ,æ¨Šä¸‰åœŸ
12618,å°moç»¿,å°moç»¿
11675,èµµç„¶,èµµç„¶
10102,LilyLing07,LilyLing07
10724,åŽŸå­,åŽŸå­
10800,é›¾èŒ«èŒ«ã€‚,é›¾èŒ«èŒ«ã€‚
13093,æžœå†»é±¼,æžœå†»é±¼
10272,å¾¡å‰å¸¦åˆ€å°ç‹¼ç‹—,å¾¡å‰å¸¦åˆ€å°ç‹¼ç‹—
11805,Nanaé‡‘åˆšèŠ­æ¯”å¨ƒ,Nanaé‡‘åˆšèŠ­æ¯”å¨ƒ
11519,Yesenia,Yesenia
10791,çŽ›è¥¿äºšå°å§,çŽ›è¥¿äºšå°å§
12527,sharonshanshan,sharonshanshan
10574,K,K
10269,å–µä¸ªçŒ«ðŸ±,å–µä¸ªçŒ«ðŸ±
10410,Me_å¤§äºº,Me_å¤§äºº
12888,äº‘æ— å¿ƒ,äº‘æ— å¿ƒ
13006,èµµç…®é¢,èµµç…®é¢
10111,eden,eden
10839,Black Cheese,Black Cheese
12831,é¹¿æ˜Ÿæ²³,é¹¿æ˜Ÿæ²³
12967,ç¬‘é¥o55,ç¬‘é¥o55
13309,é±¼ä»”,é±¼ä»”
13293,onespoon,onespoon
12883,lucermair,lucermair
12536,daisy,daisy
12485,EstherCNS,EstherCNS
11207,é±¼è›‹åœ†å•Šåœ†,é±¼è›‹åœ†å•Šåœ†
10971,éª¨æŸ˜,éª¨æŸ˜
11482,AJ,AJ
11712,è¿½æ¢¦çš„äºº,è¿½æ¢¦çš„äºº
12431,ç™½ç™½Emmy,ç™½ç™½Emmy
11066,æŸšå­å‘³çš„å°ç”œç”œ,æŸšå­å‘³çš„å°ç”œç”œ
13190,æ¾é¼ å’Œæ¡‚é±¼,æ¾é¼ å’Œæ¡‚é±¼
10100,ç«æŸ´å‘€å•¦å•¦å•¦,ç«æŸ´å‘€å•¦å•¦å•¦
10661,å®ƒä»–,å®ƒä»–
11196,ä»Žå°åˆ°å¤§éƒ½èƒ–,ä»Žå°åˆ°å¤§éƒ½èƒ–
10809,é˜¿é‚¸,é˜¿é‚¸
12054,just_me,just_me
12377,mengmi,mengmi
11854,DoReeeeee,DoReeeeee
10520,æ¯›æ¯›è™«,æ¯›æ¯›è™«
10773,LC,LC
11658,ç™½èŒ«èŒ«èŒ«å¤§åœ°,ç™½èŒ«èŒ«èŒ«å¤§åœ°
10887,Lisa Antipova,Lisa Antipova
11156,ç‰¹æŠ€æ˜¯æ¨¡ä»¿è‡ªå·±,ç‰¹æŠ€æ˜¯æ¨¡ä»¿è‡ªå·±
11897,æŠ½é£Žçš„è·¯äººç”²,æŠ½é£Žçš„è·¯äººç”²
10528,sailingzone,sailingzone
11373,ä¸ç©¿æ‹–éž‹çš„è¢œå­,ä¸ç©¿æ‹–éž‹çš„è¢œå­
10319,é˜¿æ²¡ã€‚,é˜¿æ²¡ã€‚
10713,Judy,Judy
12421,å’¸è›‹é»„,å’¸è›‹é»„
11893,D_Ashlyn,D_Ashlyn
11827,å°‘å¥³æ˜¯æˆ‘,å°‘å¥³æ˜¯æˆ‘
12135,cici_be,cici_be
12726,Argentina,Argentina
11620,é›ªç¢§ç³–è±†è±†,é›ªç¢§ç³–è±†è±†
10836,åŠ‰åŠ‰åŠ‰åŠ‰åŠ‰,åŠ‰åŠ‰åŠ‰åŠ‰åŠ‰
11884,ä¹–>S<å’ª,ä¹–>S<å’ª
10916,Echoè®¨åŽŒåƒé¦™èœ,Echoè®¨åŽŒåƒé¦™èœ
11881,å¤æœ‰ä¹”æœ¨,å¤æœ‰ä¹”æœ¨
11533,å”±ä¸€åŠçš„æ­Œ,å”±ä¸€åŠçš„æ­Œ
13017,fly,fly
12887,FreeSpirit,FreeSpirit
11199,ç¼˜æ¥æ˜¯ä½ ,ç¼˜æ¥æ˜¯ä½ 
10240,alisa,alisa
10999,bingo,bingo
10051,EllyGirlSun,EllyGirlSun
11558,Orlando,Orlando
12654,å²šå§¿å²©,å²šå§¿å²©
12806,ä¾æ—§å¥½,ä¾æ—§å¥½
10454,çŸ³æŸäºº,çŸ³æŸäºº
11979,çº¢ç«¹è§‚æœˆ,çº¢ç«¹è§‚æœˆ
12183,å­å›,å­å›
10793,ä¸€ä¸ªç©·é¬¼,ä¸€ä¸ªç©·é¬¼
10696,å°æž£,å°æž£
11009,å°å°ç™½,å°å°ç™½
10368,æˆ‘æ˜¯ä¸€é¢—å°å°è‰,æˆ‘æ˜¯ä¸€é¢—å°å°è‰
10428,æ²¡æœ‰åå­—æ˜¯è¢«é€¼,æ²¡æœ‰åå­—æ˜¯è¢«é€¼
11222,å¾ˆè‹±ä¿Šå…ˆç”Ÿ,å¾ˆè‹±ä¿Šå…ˆç”Ÿ
10990,ç€ç¦»,ç€ç¦»
10238,ç¦¾äºŒéšæ„ç‚¹å„¿_,ç¦¾äºŒéšæ„ç‚¹å„¿_
11202,ä¹ æƒ¯äº†å¯‚å¯ž,ä¹ æƒ¯äº†å¯‚å¯ž
10824,Jenny,Jenny
11394,è‹çŠ,è‹çŠ
10154,å¤±ç‰©ä¹‹WHY,å¤±ç‰©ä¹‹WHY
13258,cissy,cissy
11117,WkurosaW,WkurosaW
12484,è‡ªå›åˆ«æ¸¡,è‡ªå›åˆ«æ¸¡
13366,æ¤°æ ‘ç‰Œæ¤°æ±å„¿,æ¤°æ ‘ç‰Œæ¤°æ±å„¿
11600,Â·Â·Â·Â·Â·Â·,Â·Â·Â·Â·Â·Â·
13081,nightdreamer,nightdreamer
12904,å±±é‡Žã€‚,å±±é‡Žã€‚
13053,å¿§éƒçš„å¥‡å¼‚æžœ,å¿§éƒçš„å¥‡å¼‚æžœ
10220,æ¢¨å­å°ä»™å¥³,æ¢¨å­å°ä»™å¥³
10327,æœ¨ç„¶,æœ¨ç„¶
10341,ã‚¶ã‚­ãƒ¤ãƒž,ã‚¶ã‚­ãƒ¤ãƒž
11230,ðŸ°suyiðŸ°,ðŸ°suyiðŸ°
10557,158****8271,158****8271
10521,å®«é‡Žå¿—ä¿,å®«é‡Žå¿—ä¿
13360,é—ªå…‰çš®çš®è™¾,é—ªå…‰çš®çš®è™¾
10413,Eggs benedict,Eggs benedict
12143,å¿ƒå®_520,å¿ƒå®_520
12972,mzmzzmzzz,mzmzzmzzz
12035,è’¤é¸¦,è’¤é¸¦
10543,å°æ»¡å¤è‡³,å°æ»¡å¤è‡³
11958,Sirius,Sirius
11616,å®œæˆˆ,å®œæˆˆ
11071,å®‰é™åœ°å–é¥®æ–™,å®‰é™åœ°å–é¥®æ–™
11741,è¥¿è‹‘,è¥¿è‹‘
10157,cherry it up,cherry it up
11987,SMILEE,SMILEE
11372,å“æ©,å“æ©
10363,ç²—é™¶ç“¦ç½,ç²—é™¶ç“¦ç½
12730,è¢–ç™½é›ª-éœ²è·¯,è¢–ç™½é›ª-éœ²è·¯
12128,å°æ¡ƒ,å°æ¡ƒ
10029,PeachOrange,PeachOrange
12100,ç™½éš¼æ³‰,ç™½éš¼æ³‰
13237,é“ºä¸“å®¶çš„è±†ç“£,é“ºä¸“å®¶çš„è±†ç“£
12933,ä¸€å‰¯å¢¨é•œ,ä¸€å‰¯å¢¨é•œ
11961,Tilda Lin,Tilda Lin
10645,kking,kking
11028,Rafaid,Rafaid
11132,é™†å°ä»™,é™†å°ä»™
11244,é˜¿èƒƒ,é˜¿èƒƒ
10632,å¼ ä¹é¾„,å¼ ä¹é¾„
10612,ä¹Ÿæ»‹,ä¹Ÿæ»‹
12570,annabelle,annabelle
10416,YAN,YAN
11703,æœ±å˜»å˜»,æœ±å˜»å˜»
13187,å…¸ç´,å…¸ç´
13302,ï¿½,ï¿½
11593,zizo,zizo
13212,DolphinPopo,DolphinPopo
11493,Mamihlapinat,Mamihlapinat
10028,éª‘ç€æ‰«æŠŠçš„å¥³å·«,éª‘ç€æ‰«æŠŠçš„å¥³å·«
10820,å°è€³æœµå›¾å—,å°è€³æœµå›¾å—
13363,ç‰›å¥¶å¤§å”,ç‰›å¥¶å¤§å”
10837,ZIIHONG,ZIIHONG
12393,OTW mylife,OTW mylife
12539,sofia,sofia
12979,ä¸€é¢—ä¼šå‰ä»–çš„æ ‘,ä¸€é¢—ä¼šå‰ä»–çš„æ ‘
11935,å’’è¯­,å’’è¯­
12394,soong,soong
10631,åŒæœ¨,åŒæœ¨
11705,æ´›é¢–æ— å£°,æ´›é¢–æ— å£°
10641,(âŠ™â€¦âŠ™),(âŠ™â€¦âŠ™)
11642,ç–¯ç‹‚å¤§é‡Žç‹¼,ç–¯ç‹‚å¤§é‡Žç‹¼
11693,ä¸€é“ç”Ÿ,ä¸€é“ç”Ÿ
11991,Lady Forever,Lady Forever
10717,kingliang,kingliang
12794,Icey,Icey
10353,m ÇŽ,m ÇŽ
11768,å¼ å°å¿µ,å¼ å°å¿µ
12906,å¼ è·³è·³,å¼ è·³è·³
12734,ä¹,ä¹
10067,è¿½æ±‚æ¢¦æƒ³çš„æ™ºæ™º,è¿½æ±‚æ¢¦æƒ³çš„æ™ºæ™º
10262,zhanglidoris,zhanglidoris
12696,åŒ–å¦†å°ç²¾çµ,åŒ–å¦†å°ç²¾çµ
10291,å†è§äºŒä¸ç›®,å†è§äºŒä¸ç›®
11949,ç®€å•ç”Ÿæ´»,ç®€å•ç”Ÿæ´»
11461,FanerÂ®,FanerÂ®
10072,æ¨æŸ³,æ¨æŸ³
11097,å°åˆºçŒ¬,å°åˆºçŒ¬
12197,åˆ˜å°äºŒ,åˆ˜å°äºŒ
12855,CIELVEE,CIELVEE
11252,iris,iris
10716,é—¨å‰æœ‰æ ‘,é—¨å‰æœ‰æ ‘
10731,æ‰‘æ‹‰æ‹‰é£ž,æ‰‘æ‹‰æ‹‰é£ž
10744,tinkicai,tinkicai
12474,æ¬¢é¢œ,æ¬¢é¢œ
10374,é˜¿æ­¦çš„å‡¤æ¢¨ç½å¤´,é˜¿æ­¦çš„å‡¤æ¢¨ç½å¤´
10027,åˆ«é˜»æˆ‘å—¨æ£®,åˆ«é˜»æˆ‘å—¨æ£®
11229,æœˆé‡Žå…”,æœˆé‡Žå…”
10882,æŸ’å°ä¸ƒ,æŸ’å°ä¸ƒ
13390,å¤§èœC_L,å¤§èœC_L
11598,ä»Žå‰æœ‰åªå¤§çŒª,ä»Žå‰æœ‰åªå¤§çŒª
11295,echo,echo
10181,ä»»æœæš®,ä»»æœæš®
11654,îˆîŒ¼î¿îŒºî‹ðŸ­î‡î„îŒŒ,îˆîŒ¼î¿îŒºî‹ðŸ­î‡î„îŒŒ
11793,Sunbrine,Sunbrine
11544,smilelikeakid,smilelikeakid
10094,Mr.Michael,Mr.Michael
11909,è’¹è‘­è‹è‹,è’¹è‘­è‹è‹
10733,èµå‘³æœŸé™ã€‚,èµå‘³æœŸé™ã€‚
10138,çŽ‹é›…ç”·,çŽ‹é›…ç”·
11503,å§æ å¬é£Žé›¨,å§æ å¬é£Žé›¨
10053,çš„ç¡®å‡‰,çš„ç¡®å‡‰
10266,lucifer,lucifer
11139,ç™¾åˆ,ç™¾åˆ
11051,å–é¸¡ç¿…çš„ç²‰æ¡åº—,å–é¸¡ç¿…çš„ç²‰æ¡åº—
13332,é™ˆæ–‡é”¦,é™ˆæ–‡é”¦
11731,è‡­è¢œå­,è‡­è¢œå­
12344,ç³–èŠ½å¸®ä¸»,ç³–èŠ½å¸®ä¸»
13019,é‚»å®¶çš„å°å°,é‚»å®¶çš„å°å°
12489,feeæ±Ÿæ¹–éª—å­,feeæ±Ÿæ¹–éª—å­
10614,è“æ°§,è“æ°§
11309,haru,haru
12059,å‘æ—¥è‘µ1216,å‘æ—¥è‘µ1216
11436,cindias,cindias
12931,å°å”¯ðŸŽƒ,å°å”¯ðŸŽƒ
12038,ç«é”…ç‹‚é­”,ç«é”…ç‹‚é­”
10801,ç´¢é›…å‹’,ç´¢é›…å‹’
10267,å‘¨ç”ŸçŒ›,å‘¨ç”ŸçŒ›
11508,å¼ å²±çš„å…­æœˆé›ª,å¼ å²±çš„å…­æœˆé›ª
10477,forvivianye,forvivianye
10043,æƒ¡éœ¸å”å”å”è€éµ,æƒ¡éœ¸å”å”å”è€éµ
12079,èŠ‹å¤´å°å…½,èŠ‹å¤´å°å…½
10443,é©¬çŒ´çƒ§é…’,é©¬çŒ´çƒ§é…’
11989,trouble,trouble
10408,Fan,Fan
10957,é’å°è±†,é’å°è±†
10563,â˜…,â˜…
10485,åŠæ—¶æ­¢æŸé€‚æ—¶å–,åŠæ—¶æ­¢æŸé€‚æ—¶å–
12808,lily,lily
10681,DanteVanè›‹ç–¼,DanteVanè›‹ç–¼
13191,è§æµ®å°˜,è§æµ®å°˜
13243,LaneSeven,LaneSeven
11876,å¢¨è¿¹æ–‘æ–“,å¢¨è¿¹æ–‘æ–“
13368,zzzå¼ æƒœè¾°,zzzå¼ æƒœè¾°
11814,ç¦ç±³å›½é™…,ç¦ç±³å›½é™…
11369,ä¸äºŒè‡£,ä¸äºŒè‡£
11858,å…”å­,å…”å­
12475,å’ªå°ä¿Š,å’ªå°ä¿Š
11203,exhausive,exhausive
10529,æ²¿é€”,æ²¿é€”
12849,â˜‚æ™¨ã€‚éœ²,â˜‚æ™¨ã€‚éœ²
10795,1874 ã€‚,1874 ã€‚
11846,å£«å­å´,å£«å­å´
11906,æ­¤åˆ»,æ­¤åˆ»
12517,è‹æƒœèŒ¶,è‹æƒœèŒ¶
11022,Ellenphant,Ellenphant
11237,nana,nana
12632,ç´«èŽ¹è‹è‹,ç´«èŽ¹è‹è‹
12206,åŠ¨æ„Ÿå—·å—·,åŠ¨æ„Ÿå—·å—·
13269,Jessica,Jessica
11276,ã€‚,ã€‚
11004,ç¥ç€amber,ç¥ç€amber
11716,FATKO,FATKO
10037,æŽ-æ…•-æ…•,æŽ-æ…•-æ…•
13005,é£Žæ™¯æ—§æ›¾è°™,é£Žæ™¯æ—§æ›¾è°™
11940,dolphin,dolphin
10008,æ¸…åŒ—ã€‚ðŸ’¨,æ¸…åŒ—ã€‚ðŸ’¨
10092,Victoria_,Victoria_
10834,cloud,cloud
12116,é…’è˜¸,é…’è˜¸
12477,åˆ˜èŽŽ,åˆ˜èŽŽ
11164,æˆ‘æ˜¯Vickyå¤§ä¾ ,æˆ‘æ˜¯Vickyå¤§ä¾ 
11073,cinderellaè¿‡,cinderellaè¿‡
12966,æµ…æµ…,æµ…æµ…
12203,ä¸€å¼¦ä¸€æŸ±æ€åŽå¹´,ä¸€å¼¦ä¸€æŸ±æ€åŽå¹´
10652,å“²p,å“²p
10620,å…”å°7,å…”å°7
10253,ä»¥åŽ,ä»¥åŽ
13206,æ±Ÿå—ä¹‹æ¥ ,æ±Ÿå—ä¹‹æ¥ 
12773,Morin.Z,Morin.Z
10761,fffan,fffan
11800,Lxj.,Lxj.
11337,å¦–æ€ªé…±,å¦–æ€ªé…±
11399,èŸ¹è€æ¿,èŸ¹è€æ¿
11509,æ•é£Žå°‘å¥³,æ•é£Žå°‘å¥³
12210,å®‰é™å¦‚é¸¡,å®‰é™å¦‚é¸¡
13342,æ‚²æ‚¯,æ‚²æ‚¯
11936,é›¶åº¦å¤©æ°”çœ‹é£Žæ™¯,é›¶åº¦å¤©æ°”çœ‹é£Žæ™¯
11281,ä»¥æ‡’ä¸ºè€»,ä»¥æ‡’ä¸ºè€»
12978,Hirosue,Hirosue
10995,Fridalulu,Fridalulu
10978,tt,tt
13341,é¢œèµž1230,é¢œèµž1230
13401,minor,minor
13325,èµ¤æ—¶é›¨,èµ¤æ—¶é›¨
12903,å”¯éŸ³ä¹ä¸å¯è¾œè´Ÿ,å”¯éŸ³ä¹ä¸å¯è¾œè´Ÿ
13079,æ™¯å®,æ™¯å®
13195,ä¸‡èƒ½çš„è‹æ‰“æ°´,ä¸‡èƒ½çš„è‹æ‰“æ°´
10038,ç·’ã«,ç·’ã«
11376,é—«å¤§ç¬‘,é—«å¤§ç¬‘
12137,æ˜¥å¨‡å°å§,æ˜¥å¨‡å°å§
11290,@,@
11324,é­‚ç‰µæ¢¦è¦ â€»,é­‚ç‰µæ¢¦è¦ â€»
12816,å¹å¹²å¤´å‘,å¹å¹²å¤´å‘
10367,å°æƒ…ç»ª,å°æƒ…ç»ª
12915,shinton,shinton
12242,Jasonnn,Jasonnn
12105,ccé™ˆæ¾ˆ,ccé™ˆæ¾ˆ
13230,èŒ´é¦™æ ‘,èŒ´é¦™æ ‘
10251,ä¸å“­çš„çŒ«ðŸŸ,ä¸å“­çš„çŒ«ðŸŸ
12934,å‘¨è€Œå¤å§‹ã€‚,å‘¨è€Œå¤å§‹ã€‚
11872,é¦™èœè€å¸ˆ,é¦™èœè€å¸ˆ
13353,çŽ«ç‘°ä¸Žç”·äºº,çŽ«ç‘°ä¸Žç”·äºº
11079,ä¸‰å‰,ä¸‰å‰
11094,å±‚æž—æ¸²æŸ“,å±‚æž—æ¸²æŸ“
10943,ä¹ˆå‡¹,ä¹ˆå‡¹
12177,å½“é£Žå¹è¿‡å‘éš™,å½“é£Žå¹è¿‡å‘éš™
13181,Isabel,Isabel
11364,å¯æ³›,å¯æ³›
10298,EvanSaccar,EvanSaccar
12452,å•Šè±†,å•Šè±†
11859,å°é˜¿ç’Ÿå•¦,å°é˜¿ç’Ÿå•¦
10346,less is more,less is more
11566,ðŸ€,ðŸ€
10549,Roxy,Roxy
12199,å°ä¸€,å°ä¸€
12835,åŒé“èœ»èœ“,åŒé“èœ»èœ“
13144,ä»€ä¹ˆæ¯”è¾ƒå¥½å‘¢,ä»€ä¹ˆæ¯”è¾ƒå¥½å‘¢
10584,ronniee,ronniee
12603,Jennifer^o^,Jennifer^o^
12777,å¤§é‡‘ç‰™,å¤§é‡‘ç‰™
12749,å½“æ—¶é—´è‰¾ç‰¹,å½“æ—¶é—´è‰¾ç‰¹
12843,ä½³,ä½³
11622,å°åœŸ,å°åœŸ
10967,Aqearelle,Aqearelle
12859,cindy,cindy
11490,Jiang,Jiang
12992,Maggie,Maggie
10109,peachbaby,peachbaby
10873,ä½›ç³»å—æµ·å¦®å­,ä½›ç³»å—æµ·å¦®å­
10340,æµ·è§’é£žé±¼,æµ·è§’é£žé±¼
10104,ä¸¢,ä¸¢
13121,æ°´è’™å­,æ°´è’™å­
11867,pepping,pepping
10605,éƒ½å¿˜ã‚Œ,éƒ½å¿˜ã‚Œ
12921,Super1ily,Super1ily
13402,é¹¿å¡”å¡”,é¹¿å¡”å¡”
12697,I'm super fun,I'm super fun
10342,æœªæœˆ,æœªæœˆ
11671,åˆ˜å¤§ç±³,åˆ˜å¤§ç±³
12765,Ereka,Ereka
10577,æ•£æ‰“å°ç»µç¾Š,æ•£æ‰“å°ç»µç¾Š
12983,æŽå¤§ç™½å…”å…¨æ˜¯é”™,æŽå¤§ç™½å…”å…¨æ˜¯é”™
11582,å¤§çŽ‹çš„çŒ´å­,å¤§çŽ‹çš„çŒ´å­
10953,ä½ å¥½ä½ å¥½æˆ‘ä¸å¥½,ä½ å¥½ä½ å¥½æˆ‘ä¸å¥½
10723,Bonny,Bonny
11146,éšæ„,éšæ„
11232,é™ˆlynn,é™ˆlynn
12161,é£’é£’,é£’é£’
11187,åŒ—æµ·æ€ªå…½,åŒ—æµ·æ€ªå…½
11119,è”“è¶ŠèŽ“é…¥,è”“è¶ŠèŽ“é…¥
11823,æµ·ç»µå®å®çš„è±†ç“£,æµ·ç»µå®å®çš„è±†ç“£
10533,åƒè‚‰,åƒè‚‰
11981,JaneZZZHY,JaneZZZHY
12685,yaoyao,yaoyao
10197,è“å…®çž³,è“å…®çž³
10080,å¼ å°ç¾Ž,å¼ å°ç¾Ž
13352,feihuatongxue,feihuatongxue
11005,é’¤ä¹‹å“ˆå“ˆ,é’¤ä¹‹å“ˆå“ˆ
10425,æ²šåŸŽ,æ²šåŸŽ
11434,è¾©æ‰‹å°è‰,è¾©æ‰‹å°è‰
12466,å“ˆå“ˆå“ˆâ€¦â€¦,å“ˆå“ˆå“ˆâ€¦â€¦
13405,Xylona,Xylona
10683,å®‹small,å®‹small
11415,è›‹ç³•,è›‹ç³•
12864,mercy,mercy
10057,IslaLEE,IslaLEE
13186,æ¤¿æ ‘,æ¤¿æ ‘
12590,å®æ¢“æ½¼,å®æ¢“æ½¼
10966,åŒ—ç½”,åŒ—ç½”
11198,è¿˜å¯ä»¥å†åƒå—,è¿˜å¯ä»¥å†åƒå—
10046,çˆ»åˆ,çˆ»åˆ
12121,èƒ–è’™ä¸è®¸èƒ–,èƒ–è’™ä¸è®¸èƒ–
11507,å…¢å…¢ä¸šä¸šçš„é™¢é•¿,å…¢å…¢ä¸šä¸šçš„é™¢é•¿
10018,.,.
10536,ä»¥åŽå†è”ç³»,ä»¥åŽå†è”ç³»
13084,æ¸©æŸ”æ˜Žå‡€,æ¸©æŸ”æ˜Žå‡€
10292,ç‚’è‚å…’,ç‚’è‚å…’
13409,é£Žç»§ç»­å¹,é£Žç»§ç»­å¹
10384,é‡Œå’²,é‡Œå’²
10350,äº”å°å¸ƒå•Š,äº”å°å¸ƒå•Š
11542,CU-c,CU-c
11837,å…”ç†Š,å…”ç†Š
13199,å¯çˆ±çš„èŒ¹å•ŠèŒ¹,å¯çˆ±çš„èŒ¹å•ŠèŒ¹
11637,Doreenå°å°å·«,Doreenå°å°å·«
12495,aprilday,aprilday
10580,å•Šå™¢,å•Šå™¢
13065,å°æ¾é¦™èœ,å°æ¾é¦™èœ
12980,ç„¦ç³–å¸ƒä¸,ç„¦ç³–å¸ƒä¸
13042,æ¸©å¬æ¶¼,æ¸©å¬æ¶¼
11699,æ¯›è±†,æ¯›è±†
12399,å½©å¦®é…±,å½©å¦®é…±
11305,å°¹å­ç”±,å°¹å­ç”±
13365,é¢œæ·¡,é¢œæ·¡
13361,ç”ŸåŒ–å§”å‘˜,ç”ŸåŒ–å§”å‘˜
13362,...,...
12856,å ‚å ‚,å ‚å ‚
10136,Limyer-,Limyer-
13152,çŽ‹è¥¿ç“œðŸ‰,çŽ‹è¥¿ç“œðŸ‰
12707,å¯’é›¨é‡Œ,å¯’é›¨é‡Œ
10271,Seassang,Seassang
11130,bella,bella
13089,åŠ›å¤,åŠ›å¤
12682,Dady,Dady
12587,chen,chen
10960,å“’å“’,å“’å“’
10248,jane-zj,jane-zj
11870,Lost&L,Lost&L
11746,èµ›èµ›ç„¶,èµ›èµ›ç„¶
10603,å½¼ç«¯çš„æœˆæ¹–,å½¼ç«¯çš„æœˆæ¹–
13240,æ‹–å»¶ç—‡å›èµ°å¥½,æ‹–å»¶ç—‡å›èµ°å¥½
10767,æµ®äº‘,æµ®äº‘
12491,æ¯”å…‹å¤§é­”çŽ‹,æ¯”å…‹å¤§é­”çŽ‹
11531,èµµé˜¿è›®,èµµé˜¿è›®
10506,ä¸€é¢—æ ‘,ä¸€é¢—æ ‘
11911,çŽ‹å°æ³¢çš„è€å©†,çŽ‹å°æ³¢çš„è€å©†
11174,juice,juice
10202,â€¦â€¦â€¦,â€¦â€¦â€¦
12923,æ”¹ä¸ªåå§,æ”¹ä¸ªåå§
11441,ç±³æ¥ç³•,ç±³æ¥ç³•
10970,çº¢è±†æ²™é¢åŒ…,çº¢è±†æ²™é¢åŒ…
11577,PuppyDana,PuppyDana
13196,æˆ‘ä¸æ˜¯æ— è„¸å…½,æˆ‘ä¸æ˜¯æ— è„¸å…½
10023,é›…æ€æ‹œæ‹œ.,é›…æ€æ‹œæ‹œ.
10660,å¼ ä¸‰ä¸‰Sunny,å¼ ä¸‰ä¸‰Sunny
10941,è‚–å‰æ²¡å¾—åå ‚,è‚–å‰æ²¡å¾—åå ‚
10389,æœ¨é”¦,æœ¨é”¦
13324,è¿™æ˜¯ä¸€ä¸ªå°é©¬ç”²,è¿™æ˜¯ä¸€ä¸ªå°é©¬ç”²
10814,è¥¿æŸšSiu,è¥¿æŸšSiu
11486,yseeoonk,yseeoonk
13286,ç™½å…”ç³–,ç™½å…”ç³–
12245,åˆ‡ç‰‡é¦™è•‰,åˆ‡ç‰‡é¦™è•‰
12497,ä¼¼ç©¹æœˆ,ä¼¼ç©¹æœˆ
11317,WATERRRRR,WATERRRRR
11214,-å–µå•¾å•¾,-å–µå•¾å•¾
10116,èƒ¸æ¯›æ¯›,èƒ¸æ¯›æ¯›
11812,ä¸€ç¼•é¦™çƒŸé€ç¢§çº±,ä¸€ç¼•é¦™çƒŸé€ç¢§çº±
12195,wmjasmine,wmjasmine
12676,MissHaohao,MissHaohao
10996,æ‹¾ä¹…,æ‹¾ä¹…
11689,æŸšå­,æŸšå­
10078,æœ‰çµé­‚çš„çƒ§å–,æœ‰çµé­‚çš„çƒ§å–
11952,éº»è¾£æ°´èœœæ¡ƒðŸ‘,éº»è¾£æ°´èœœæ¡ƒðŸ‘
10553,ç”œå§œ,ç”œå§œ
10446,äº”æ˜Ÿæ‘å°é»„,äº”æ˜Ÿæ‘å°é»„
12686,â™š,â™š
10339,å¸¦è¡ŒæŽç®±è¿½å¤ªé˜³,å¸¦è¡ŒæŽç®±è¿½å¤ªé˜³
11105,å¦³ç¬‘ã®å¾ˆå·´é»Žã€,å¦³ç¬‘ã®å¾ˆå·´é»Žã€
10846,lailai,lailai
12819,æ¦†_çž,æ¦†_çž
10254,æ³¡èœé±¼å¦¤,æ³¡èœé±¼å¦¤
12936,çŽ‹è¥¿è¥¿,çŽ‹è¥¿è¥¿
12317,çŽ‹ç‘Ÿé›¨,çŽ‹ç‘Ÿé›¨
11686,å¤§é’±,å¤§é’±
10831,ðŸ¥,ðŸ¥
12468,åœ°çƒè¶…äºº,åœ°çƒè¶…äºº
10722,è‚–å°”å¸ƒ,è‚–å°”å¸ƒ
13248,é‚£ä¸ªè·¯äºº,é‚£ä¸ªè·¯äºº
12028,Janice man,Janice man
11839,Cityå¸ŒåŸŽ,Cityå¸ŒåŸŽ
11014,çŽ‹è,çŽ‹è
12097,ç«‹é’,ç«‹é’
11753,åŽ»å†°ä¸‰åˆ†ç”œ,åŽ»å†°ä¸‰åˆ†ç”œ
12990,èœèœã€‚,èœèœã€‚
11778,ç•ªèŒ„æš´æ‰“è¥¿çº¢æŸ¿,ç•ªèŒ„æš´æ‰“è¥¿çº¢æŸ¿
11115,åŠå¤åˆæ¬¢,åŠå¤åˆæ¬¢
10112,ðŸŒ¶è¾£ç‚’é¸¡ä¸,ðŸŒ¶è¾£ç‚’é¸¡ä¸
12249,æŸ´,æŸ´
12300,å’˜å“’å“’å“’,å’˜å“’å“’å“’
11380,é¦™è‰çˆ†ç±³èŠ±,é¦™è‰çˆ†ç±³èŠ±
10398,pakuti,pakuti
10246,éº»å©†è±†è…,éº»å©†è±†è…
13410,taylor,taylor
12315,æŠ½ç­‹å°‘å¥³,æŠ½ç­‹å°‘å¥³
12234,ç¬¨,ç¬¨
12062,ä¸Žä¸åªé‡è§,ä¸Žä¸åªé‡è§
10626,youth,youth
12171,ä½ä½Max,ä½ä½Max
11451,é’´è“,é’´è“
10569,æ„šäºº,æ„šäºº
10247,Bunniebunnie,Bunniebunnie
10969,å“ˆå£«é©´,å“ˆå£«é©´
10600,ç‰›ç‰›æ²¹æžœ,ç‰›ç‰›æ²¹æžœ
10392,æ™®æ‹‰æ™®æ‹‰,æ™®æ‹‰æ™®æ‹‰
12492,CHANYOK,CHANYOK
10869,Amber,Amber
10566,ChimpWorks,ChimpWorks
11826,amber-å°é£žä¾ ,amber-å°é£žä¾ 
12928,å¼ ç«‹å¶,å¼ ç«‹å¶
10032,pineappleå•Š,pineappleå•Š
12396,0oè‡ªç„¶å·o0,0oè‡ªç„¶å·o0
10826,ä¸ƒä¸ƒ55,ä¸ƒä¸ƒ55
10913,suede,suede
13373,é£Žå„¿,é£Žå„¿
11204,èŒ‰æ²«,èŒ‰æ²«
11161,ä»Šå¤©æœ‰å¤ªé˜³,ä»Šå¤©æœ‰å¤ªé˜³
13104,Chloe-lbw,Chloe-lbw
10386,æ ¼æ ¼çš„ä¸«å¤´,æ ¼æ ¼çš„ä¸«å¤´
13395,ä»Žæœªå’Œä½ é¥®è¿‡å†°,ä»Žæœªå’Œä½ é¥®è¿‡å†°
12240,ä½•æ›¼è¿ª,ä½•æ›¼è¿ª
10934,ç”»æ¥¼è¿œæ­Œ_,ç”»æ¥¼è¿œæ­Œ_
10599,NATSUKI0917,NATSUKI0917
12988,RainyRayni,RainyRayni
13344,Mocha toffee,Mocha toffee
12768,butterfly,butterfly
12535,katxrina,katxrina
13222,å²ç‘žå…‹,å²ç‘žå…‹
10974,zhao-zhao,zhao-zhao
11093,mio,mio
10281,Autism,Autism
10977,chavelier,chavelier
11965,Mademoiselleyi,Mademoiselleyi
12290,æ…¢æ…¢ æ¼«æ¼«,æ…¢æ…¢ æ¼«æ¼«
11605,ç¢Žèˆžbb,ç¢Žèˆžbb
11109,qwqå–µä¸ªå’ªå‘€,qwqå–µä¸ªå’ªå‘€
10437,T2y,T2y
13408,ç¬›å­xi,ç¬›å­xi
10752,__åˆ˜å¤§ç¾Žã€‚,__åˆ˜å¤§ç¾Žã€‚
12876,å¦‚èŠ±,å¦‚èŠ±
10060,MAAN,MAAN
12040,è˜‘è‡è‡å‡‰å•Š,è˜‘è‡è‡å‡‰å•Š
10417,å®‰å°å¦®,å®‰å°å¦®
11873,Vincenté˜¿å†°,Vincenté˜¿å†°
12498,mimi,mimi
11344,è¶£å¤šå¤š,è¶£å¤šå¤š
11672,èŠ¥ä¹‹èˆŸ,èŠ¥ä¹‹èˆŸ
12329,Vera Shen,Vera Shen
13229,audiopro,audiopro
12286,demila,demila
11498,æœ¨æž,æœ¨æž
13010,ç³–ç³–,ç³–ç³–
13233,å¤©é¹…ä¸ä¼šèˆž,å¤©é¹…ä¸ä¼šèˆž
10234,è¢«å­ä¸Šçš„å¾®å°˜,è¢«å­ä¸Šçš„å¾®å°˜
12912,å¤§è¡¨å“¥,å¤§è¡¨å“¥
12296,11æœˆçš„å¿ƒæƒ…,11æœˆçš„å¿ƒæƒ…
10378,å°ç›’å­,å°ç›’å­
10064,yuio,yuio
13179,å¡žå¨…çš„ç‹‚æƒ³æ›²,å¡žå¨…çš„ç‹‚æƒ³æ›²
11655,ä¸Šå®˜ä¸èŠ,ä¸Šå®˜ä¸èŠ
10107,è¿™ä¹ˆå¤§ä¸€åªæ±¤åŒ…,è¿™ä¹ˆå¤§ä¸€åªæ±¤åŒ…
10127,anty,anty
13301,ä¸€æ¯å†°æ‹¿é“,ä¸€æ¯å†°æ‹¿é“
10135,shannonke,shannonke
11423,Zæ™“å§,Zæ™“å§
10984,å†¬æ—¥æš–é˜³,å†¬æ—¥æš–é˜³
11621,èµ°èµ°èµ°èµ°èµ°å•Šèµ°,èµ°èµ°èµ°èµ°èµ°å•Šèµ°
12400,Flora,Flora
13261,åŒ—å†¥æœ‰é±¼,åŒ—å†¥æœ‰é±¼
10598,é˜¿ç±³æžœ,é˜¿ç±³æžœ
12369,Jovi.ä¹”,Jovi.ä¹”
12013,Solsiden,Solsiden
10338,Florainwater,Florainwater
10975,å–µå–µ,å–µå–µ
12066,å˜¿å˜¿å˜¿,å˜¿å˜¿å˜¿
10075,è¿œæ¤¿,è¿œæ¤¿
12047,yooh.ch,yooh.ch
10770,å¯’å¡˜æ¸¡é¹¤,å¯’å¡˜æ¸¡é¹¤
10041,ä¹Ÿè®¸åƒæ˜Ÿæ˜Ÿ,ä¹Ÿè®¸åƒæ˜Ÿæ˜Ÿ
12949,ä¹Ÿè®¸åœ¨æ¢¦çš„å‡ºå£,ä¹Ÿè®¸åœ¨æ¢¦çš„å‡ºå£
11543,tiffany,tiffany
11067,å—å±±å°å§,å—å±±å°å§
11957,æˆ‘åªæƒ³èº²èµ·æ¥,æˆ‘åªæƒ³èº²èµ·æ¥
11997,ryanikko,ryanikko
12463,NIAå¢è¥¿å¥¥,NIAå¢è¥¿å¥¥
11191,æµ·æŸ,æµ·æŸ
12353,å¿ƒå°æ€’,å¿ƒå°æ€’
10381,ä¸çˆ±ç¡è§‰,ä¸çˆ±ç¡è§‰
10373,IDTT,IDTT
10905,é¹¿é¸£,é¹¿é¸£
10816,å–æ±¤çš„å§‘å¨˜_,å–æ±¤çš„å§‘å¨˜_
12281,A.D.T.O.Y,A.D.T.O.Y
11303,åŠ¨æ„Ÿæµç¨‹å›¾,åŠ¨æ„Ÿæµç¨‹å›¾
13251,chloe,chloe
12898,Trochilus_,Trochilus_
13197,=ã€‘,=ã€‘
13203,æŠ¹èŒ¶æ‘©æ“¦,æŠ¹èŒ¶æ‘©æ“¦
11390,æ¸…å˜‰,æ¸…å˜‰
11799,éœ¹é›³è´è´,éœ¹é›³è´è´
12738,Icy ä¸æƒ³è¯´è¯,Icy ä¸æƒ³è¯´è¯
10985,ç½‘å‹å°é›·,ç½‘å‹å°é›·
12044,è»å£¹å£¹,è»å£¹å£¹
10465,Mguuleå°‘å¥³,Mguuleå°‘å¥³
11134,ä¼Šæ‹‰å† ,ä¼Šæ‹‰å† 
10276,Botak,Botak
11035,USRE,USRE
12150,ChasinMe,ChasinMe
13406,å†°ç¾Žå¼,å†°ç¾Žå¼
11138,Dayo,Dayo
12769,VencciWang,VencciWang
12617,å­æŸ“,å­æŸ“
13277,å‰,å‰
12550,è”¡,è”¡
11954,meowl,meowl
11714,ç›–ä¸€è„¸æ²®ä¸§æ£‰è¢«,ç›–ä¸€è„¸æ²®ä¸§æ£‰è¢«
13173,å°å°å°èŒ¶,å°å°å°èŒ¶
11575,Brodieee,Brodieee
12581,è±†è‹—,è±†è‹—
12766,Juicyæœ€ç¾Ž,Juicyæœ€ç¾Ž
12006,YYG,YYG
12104,ç‘œga,ç‘œga
12908,æœªé—»èŠ±åîŒ,æœªé—»èŠ±åîŒ
12376,å•¦å•¦å•¦,å•¦å•¦å•¦
12486,sun,sun
12975,å¤æˆ,å¤æˆ
12368,æ¬å¨£,æ¬å¨£
10326,kouding,kouding
12439,äºšåŒ—åŒ—,äºšåŒ—åŒ—
10901,è£´å©§æ ¼,è£´å©§æ ¼
12884,ä¸€åªå¤§æ‡’çŒ«,ä¸€åªå¤§æ‡’çŒ«
12761,angel,angel
13110,O_oMichael,O_oMichael
11363,æš´èµ°çš„èŠ³èŠ³î”Ÿ,æš´èµ°çš„èŠ³èŠ³î”Ÿ
10832,å¹»æ¢¦æœ‰ä¹‹,å¹»æ¢¦æœ‰ä¹‹
12069,dora,dora
10071,ä¸çˆ±ä¸‹é›¨å¤©15,ä¸çˆ±ä¸‹é›¨å¤©15
12184,a,a
11061,ç…¤çƒçƒ,ç…¤çƒçƒ
12276,çªç„¶çš„å¤å¤©,çªç„¶çš„å¤å¤©
12455,æ¼ åŒ—,æ¼ åŒ—
10070,å‘€ä¾å‘€å‘¦,å‘€ä¾å‘€å‘¦
11581,new fish,new fish
13146,å¥½æ ‡å¿—,å¥½æ ‡å¿—
10256,å¤©ä½¿æ˜¯æˆ‘å‘€ã€‚,å¤©ä½¿æ˜¯æˆ‘å‘€ã€‚
12238,*riveoseisbck<,*riveoseisbck<
10242,é›ªå§¨çš„æ´‹è¡Œ,é›ªå§¨çš„æ´‹è¡Œ
13025,é™ˆäºŽæ³½,é™ˆäºŽæ³½
11996,2582323,2582323
12093,èƒ–å“’,èƒ–å“’
11282,å¥½åœ°æ–¹,å¥½åœ°æ–¹
10718,æ³±å­,æ³±å­
12426,inner.,inner.
11166,é›·å¤§è„‘è¢‹,é›·å¤§è„‘è¢‹
12132,è èå¦ž,è èå¦ž
10818,æœˆåŠçš„èƒ–è¾¾ðŸ‘ˆ,æœˆåŠçš„èƒ–è¾¾ðŸ‘ˆ
11835,å—¡å—¡å«www,å—¡å—¡å«www
11438,å‘€å‘€å‘€å‘€ä¸ç¢§æžœ,å‘€å‘€å‘€å‘€ä¸ç¢§æžœ
11853,æŽè‚¿è‚¿,æŽè‚¿è‚¿
11767,zasuny,zasuny
11856,è èœ,è èœ
12540,å“ˆåº“æ‹‰çŽ›å¡”å¡”,å“ˆåº“æ‹‰çŽ›å¡”å¡”
11371,æœ¨æ‰,æœ¨æ‰
10115,[å·²æ³¨é”€],[å·²æ³¨é”€]
10133,Chiddles,Chiddles
10762,ç“¶å–µå–µä¸€åª,ç“¶å–µå–µä¸€åª
12501,æŠ¹èŒ¶,æŠ¹èŒ¶
12328,æ™´å¤©å°çŒª,æ™´å¤©å°çŒª
11973,PM945,PM945
12181,Miss å‰å‰,Miss å‰å‰
11306,ä¹æ—¥å®,ä¹æ—¥å®
11437,å’•å™œå’•å™œ,å’•å™œå’•å™œ
11939,å‚…è€¶è€¶,å‚…è€¶è€¶
10163,å–µäº†ä¸ªè¿·,å–µäº†ä¸ªè¿·
12660,å®å½“äºŒå£°,å®å½“äºŒå£°
10961,å—¯ã€æ— ä¼¤å¤§é›…,å—¯ã€æ— ä¼¤å¤§é›…
12698,è€³ æœµ,è€³ æœµ
10021,ä½ çš„æ¹–,ä½ çš„æ¹–
13003,åœˆå„¿çˆ·,åœˆå„¿çˆ·
11362,å¢™å¢™,å¢™å¢™
13126,å•ä¸²ä¸²,å•ä¸²ä¸²
12229,çŸ³è–‡,çŸ³è–‡
10132,èŠå£«å°±æ˜¯åŸ¹æ ¹,èŠå£«å°±æ˜¯åŸ¹æ ¹
11045,Invisibilia,Invisibilia
11375,å°æ›¦çš„å¹¸ç¦ç”Ÿæ´»,å°æ›¦çš„å¹¸ç¦ç”Ÿæ´»
10275,é˜¿å…”å…ˆç”Ÿ,é˜¿å…”å…ˆç”Ÿ
11433,æ‰¾ä¸åˆ°æˆ‘,æ‰¾ä¸åˆ°æˆ‘
12405,I'm ....Lu-L,I'm ....Lu-L
13276,å°æ©˜å­é…±,å°æ©˜å­é…±
10066,ç« è¨€éºŸ,ç« è¨€éºŸ
13153,ç¾Šç•ªèŒ„,ç¾Šç•ªèŒ„
11740,çŽ‹çŽ‹,çŽ‹çŽ‹
11560,è“¬å‹ƒçš„ç§å­,è“¬å‹ƒçš„ç§å­
12065,ä¸è§,ä¸è§
12361,Van de Graaff,Van de Graaff
11777,tree,tree
13287,äºŒæ–¤æ¡,äºŒæ–¤æ¡
10872,çŸ¥å‡‰,çŸ¥å‡‰
13149,å¤§å¤´å›,å¤§å¤´å›
11411,ÃŸÃ«Ã«,ÃŸÃ«Ã«
11017,æ¨±èŠ±å±‹,æ¨±èŠ±å±‹
11896,è£•å›­,è£•å›­
11320,äº²çˆ±çš„å¤§å¤§é±¼,äº²çˆ±çš„å¤§å¤§é±¼
10929,ç©†ç©†,ç©†ç©†
11110,é™ˆé˜¿äº•,é™ˆé˜¿äº•
12045,Richiemama,Richiemama
10434,æŸ æª¬å°å§,æŸ æª¬å°å§
11034,éœ“éœ“,éœ“éœ“
10486,è¥¿è¥¿æ¼¾,è¥¿è¥¿æ¼¾
11630,æœµé…±,æœµé…±
13118,Homura,Homura
12032,Ã¸,Ã¸
12120,Aã€,Aã€
12460,æƒ³åƒç³–ç‚’æ —å­,æƒ³åƒç³–ç‚’æ —å­
12551,é“®ï½žï½žé“®,é“®ï½žï½žé“®
12126,æ—¶å…‰å¦‚æ¢­,æ—¶å…‰å¦‚æ¢­
10129,xiayou99,xiayou99
10922,å¥¹å’Œæ—¶é—´è·³èˆž,å¥¹å’Œæ—¶é—´è·³èˆž
12425,é˜¿æ˜Ÿ,é˜¿æ˜Ÿ
11666,ä¸€æœµç‰›ç²ª,ä¸€æœµç‰›ç²ª
10239,æ°´ä¸€è¨€,æ°´ä¸€è¨€
13217,å®‰ç„¶,å®‰ç„¶
10879,æœé¹ƒé†‰é±¼,æœé¹ƒé†‰é±¼
10474,hushuangdudu,hushuangdudu
10848,å°†æ¦†,å°†æ¦†
13337,Hazel,Hazel
12946,æ‡µå“¥å„¿,æ‡µå“¥å„¿
11715,å¤§æ ‘,å¤§æ ‘
12552,å–µå°å§,å–µå°å§
10963,å¤§ä¸ç•™,å¤§ä¸ç•™
11773,ViVi,ViVi
12016,é˜¿èŠ’,é˜¿èŠ’
10421,å‘¨å‘¨æ¼¾,å‘¨å‘¨æ¼¾
12343,é‡‘æ·‘å©·,é‡‘æ·‘å©·
10611,å²ä¹¦ä¹¦,å²ä¹¦ä¹¦
12232,Tiffany,Tiffany
12223,ç±³æ´›å•Š,ç±³æ´›å•Š
13091,æ–‡å­é…±,æ–‡å­é…±
10712,æ®“å¸ƒä¹‹ä¸‹,æ®“å¸ƒä¹‹ä¸‹
13270,æ»¡å²›å…‰,æ»¡å²›å…‰
10774,shisos,shisos
13194,éœ¸çŽ‹é¾™,éœ¸çŽ‹é¾™
12826,sweet pea,sweet pea
12308,æŽå’©å’©,æŽå’©å’©
11000,Collector,Collector
11917,ðŸ˜‚ðŸ˜¤ðŸ˜¬ðŸ˜°,ðŸ˜‚ðŸ˜¤ðŸ˜¬ðŸ˜°
11405,Stranger,Stranger
13130,ã€‚FG ã€‚,ã€‚FG ã€‚
10895,ç‰¹,ç‰¹
13283,å«æˆ‘é²¸é±¼å•Š,å«æˆ‘é²¸é±¼å•Š
12090,å®‰æŸå®‰æŸå®‰æŸ,å®‰æŸå®‰æŸå®‰æŸ
10406,æµ·å¸¦å‘€æµ·å¸¦,æµ·å¸¦å‘€æµ·å¸¦
11984,èœé¸Ÿå°m,èœé¸Ÿå°m
10746,åƒé˜³,åƒé˜³
11505,èŠ±æ®‡,èŠ±æ®‡
12324,hard candy,hard candy
12193,ä¸€ä¸ªäººè·³èˆž,ä¸€ä¸ªäººè·³èˆž
13319,å°è€³æœµæœ‰å¤§ç§˜å¯†,å°è€³æœµæœ‰å¤§ç§˜å¯†
10453,å‡¤æ¢¨ç½å¤´ä¸è¿‡æœŸ,å‡¤æ¢¨ç½å¤´ä¸è¿‡æœŸ
10148,é€ä½ ä¸€åœºç§‹,é€ä½ ä¸€åœºç§‹
12272,~å—¯å“¼,~å—¯å“¼
10330,å°ä»™å¥³î·,å°ä»™å¥³î·
11913,é©¬å„¿,é©¬å„¿
12447,å°èƒ–å…”,å°èƒ–å…”
12469,Yim,Yim
12145,å‚å•†,å‚å•†
12057,å‘è“ä¸Žé£Ž,å‘è“ä¸Žé£Ž
11193,Se5siii,Se5siii
11898,æ³¡åœ¨äº•é‡Œæ´—æ¾¡,æ³¡åœ¨äº•é‡Œæ´—æ¾¡
10855,å¼ å…ˆç”Ÿ,å¼ å…ˆç”Ÿ
12731,å¤§è‘±è‘±,å¤§è‘±è‘±
11803,èŒ—å¯èŒ—,èŒ—å¯èŒ—
10923,æˆ‘å«ðŸ˜„,æˆ‘å«ðŸ˜„
13242,æŸåŽŸå´‡,æŸåŽŸå´‡
12218,èŠ±å©†å©†çˆ±ä½ ä»¬,èŠ±å©†å©†çˆ±ä½ ä»¬
10117,ä¸¢ä¸¢-Lynn,ä¸¢ä¸¢-Lynn
11540,ä»Šå¤©é˜³å…‰å¥½æ¸©æŸ”,ä»Šå¤©é˜³å…‰å¥½æ¸©æŸ”
11027,ä½©ä¼‘,ä½©ä¼‘
12231,Leona,Leona
10176,just,just
13328,å± é›…ã®å°é¦¨é…±,å± é›…ã®å°é¦¨é…±
10456,çƒŸé›¨ç»¯çº¢,çƒŸé›¨ç»¯çº¢
10203,æ¸…å®µåŠ,æ¸…å®µåŠ
12804,æœ€çˆ±åƒæ‰’é¸¡è¾£ï¼,æœ€çˆ±åƒæ‰’é¸¡è¾£ï¼
12650,å‚²å‚²,å‚²å‚²
13247,è¿˜æ˜¯å±±èŒi,è¿˜æ˜¯å±±èŒi
12982,å¦‚æžœæ˜¯ä¸€æ ¹ç¨»è‰,å¦‚æžœæ˜¯ä¸€æ ¹ç¨»è‰
11339,Ava,Ava
12522,passwordtrauma,passwordtrauma
10935,ä¸æ­¢ä¸çŸ¥é“,ä¸æ­¢ä¸çŸ¥é“
11404,åŠ±æ¢,åŠ±æ¢
11886,è±†å°å¦ž,è±†å°å¦ž
10888,æ˜Ÿæ˜Ÿç´¢,æ˜Ÿæ˜Ÿç´¢
10643,emma,emma
11176,æ¾³å¤§åˆ©äºšå–‚è¢‹é¼ ,æ¾³å¤§åˆ©äºšå–‚è¢‹é¼ 
11334,é£„ÑŠÃ³æµ·å©²,é£„ÑŠÃ³æµ·å©²
11744,è¿žç¿˜ç¿˜ç¿˜ç¿˜ç¿˜ç¿˜,è¿žç¿˜ç¿˜ç¿˜ç¿˜ç¿˜ç¿˜
10666,ä¸€ç±³é˜³å…‰,ä¸€ç±³é˜³å…‰
12743,å‡¶çŒ›çš„å°ç‹®å­,å‡¶çŒ›çš„å°ç‹®å­
10822,rabbit,rabbit
10461,æ©˜ç»œ,æ©˜ç»œ
12279,OooBoo,OooBoo
11494,ç´ é’w,ç´ é’w
13201,å°äºŽ,å°äºŽ
10233,å¤§æŽå­,å¤§æŽå­
11830,Pff,Pff
10494,DARKtemptation,DARKtemptation
12503,æˆ‘çš„è±†è±†éž‹,æˆ‘çš„è±†è±†éž‹
12573,ãƒ€ã‚µãƒ“,ãƒ€ã‚µãƒ“
10360,è‚‰å¤šå¤š,è‚‰å¤šå¤š
11439,ä¸äºŒå´©,ä¸äºŒå´©
13123,å¼ å…°è‰ç¾ŽæˆèŠ±å„¿,å¼ å…°è‰ç¾ŽæˆèŠ±å„¿
13054,zjn,zjn
12924,Phoenix,Phoenix
12338,ä½Žè°ƒçš„æ‹›æ‘‡,ä½Žè°ƒçš„æ‹›æ‘‡
12604,å¤§é£Ÿæ‡’åŠ è²çŒ«,å¤§é£Ÿæ‡’åŠ è²çŒ«
12246,é“ƒå…°,é“ƒå…°
13166,æˆ‘è¦ä¸Šå¤©,æˆ‘è¦ä¸Šå¤©
12367,tampopo,tampopo
10729,ä¸€ä¸ªåœ†,ä¸€ä¸ªåœ†
11907,Koizora,Koizora
12307,æˆ‘è¦åƒå°‘ç‚¹,æˆ‘è¦åƒå°‘ç‚¹
13163,fish,fish
11667,ä½ çœŸå¥½çœ‹,ä½ çœŸå¥½çœ‹
12332,æ£®æž—deç‹‚æ¬¢,æ£®æž—deç‹‚æ¬¢
12125,çˆ±åƒè‚‰çš„èƒ–å…”å­,çˆ±åƒè‚‰çš„èƒ–å…”å­
12578,Hsu,Hsu
11676,Yi_Hyeong,Yi_Hyeong
10172,Hush_,Hush_
12401,æ¯æ¯çš„é¦™ç”œæ—¶å…‰,æ¯æ¯çš„é¦™ç”œæ—¶å…‰
10336,3.1415926,3.1415926
11029,Mandyçš„æ©™å­,Mandyçš„æ©™å­
12793,LuciaFlying,LuciaFlying
11396,é˜¿ä¿®,é˜¿ä¿®
13327,åœ¨åŠ¨ç‰©å›­æ•£æ­¥,åœ¨åŠ¨ç‰©å›­æ•£æ­¥
11802,ç°è‰²å°è‹±çŸ­,ç°è‰²å°è‹±çŸ­
10878,åƒåœŸä¸åƒè—•,åƒåœŸä¸åƒè—•
12129,song,song
11148,Lilithå…­å§‘ðŸ³,Lilithå…­å§‘ðŸ³
13184,æ²¹ç‚¸ç”µç£ç‚‰,æ²¹ç‚¸ç”µç£ç‚‰
10259,Jessie,Jessie
12025,æ¢¨èŠ±æ³›ç™½,æ¢¨èŠ±æ³›ç™½
13391,å°æžœæžœ,å°æžœæžœ
12599,åˆ˜é¥ºå­,åˆ˜é¥ºå­
12832,å›žå¿†æ— å½’é€”,å›žå¿†æ— å½’é€”
12450,å¿ƒè·³å‘¼å¸æ­£å¸¸,å¿ƒè·³å‘¼å¸æ­£å¸¸
13164,æ±Ÿå˜Žå˜Ž,æ±Ÿå˜Žå˜Ž
13064,senå®_,senå®_
11766,å‘µå‘µå°å“¥å“¥,å‘µå‘µå°å“¥å“¥
10040,ã€å·²æ³¨é”€ã€‘,ã€å·²æ³¨é”€ã€‘
11641,GA o mI N,GA o mI N
10205,ç²¾è‡´ç”·å­©é¸¡å°ä¾ ,ç²¾è‡´ç”·å­©é¸¡å°ä¾ 
12531,chelsea,chelsea
10324,nancy,nancy
13329,tutu,tutu
12713,å­ç³»_,å­ç³»_
12868,éŸ©ä¸œå›è€å©†,éŸ©ä¸œå›è€å©†
11615,chelsea_,chelsea_
13295,ðŸˆðŸ’ðŸ‘ðŸŽðŸðŸ“,ðŸˆðŸ’ðŸ‘ðŸŽðŸðŸ“
10947,ðŸ’,ðŸ’
13052,å†œé¦¥æ¦•,å†œé¦¥æ¦•
10624,æ©™å­Q,æ©™å­Q
10482,Lelucermaire,Lelucermaire
12594,æ©˜å­æ±½æ°´,æ©˜å­æ±½æ°´
11553,ä¸€åªå¼ å°å…”,ä¸€åªå¼ å°å…”
10084,Claire,Claire
11929,wml,wml
11549,æ¨åä¸€,æ¨åä¸€
11361,è¾¾è¾¾,è¾¾è¾¾
10759,å–â‰®,å–â‰®
10354,olivia,olivia
11172,æ¼«æ¼«åˆ°æ¼«æ¼«æ¼«,æ¼«æ¼«åˆ°æ¼«æ¼«æ¼«
11171,bilyino,bilyino
11213,sala,sala
11308,ä¸‰ä¸‰,ä¸‰ä¸‰
13407,é‚£ç³æ²‚,é‚£ç³æ²‚
10796,ç§˜å¯†èŠ±å›­,ç§˜å¯†èŠ±å›­
11539,æ°§åœ¨äº‘ç«¯,æ°§åœ¨äº‘ç«¯
13396,ä»Žå®¹,ä»Žå®¹
11307,æš®æˆ,æš®æˆ
13189,amiwrong,amiwrong
11042,æ ¼ä¸æ‹‰é…¥,æ ¼ä¸æ‹‰é…¥
11580,é‡Œæ‹‰é‡Œ,é‡Œæ‹‰é‡Œ
11960,é™ˆå°ç”Ÿ,é™ˆå°ç”Ÿ
11249,å¯çˆ±62,å¯çˆ±62
11930,bird,bird
13035,é£˜å•Šé£˜å•Šé£˜,é£˜å•Šé£˜å•Šé£˜
10783,Blue Velvet,Blue Velvet
12820,Afra,Afra
10045,ðŸŒºMiss.E,ðŸŒºMiss.E
12336,å°”å°”,å°”å°”
11844,ç¢ŽçŸ³ç»æ²™,ç¢ŽçŸ³ç»æ²™
11923,ä¸æµ·å¯…,ä¸æµ·å¯…
10811,å°å,å°å
11256,å¹¿ç¦,å¹¿ç¦
10308,ä¸Žä½ æ— å…³,ä¸Žä½ æ— å…³
10407,é‡Žè‰¯ç”°,é‡Žè‰¯ç”°
10945,é™ˆä¸€æ¡ðŸ¶,é™ˆä¸€æ¡ðŸ¶
10192,gww9108,gww9108
10467,çŸ³èŠ±è†,çŸ³èŠ±è†
10017,ç™½èš€,ç™½èš€
13314,è™Žå—…è”·è–‡,è™Žå—…è”·è–‡
10853,è¿™ä¸ªäººå¾ˆåˆ«æ‰­,è¿™ä¸ªäººå¾ˆåˆ«æ‰­
10170,lyrå¤©å¤©ç¾Žä¸½å°‘å¥³,lyrå¤©å¤©ç¾Žä¸½å°‘å¥³
11821,å¼  è·¯è™Ž,å¼  è·¯è™Ž
11032,Luna Rabbit_,Luna Rabbit_
11562,å°±æ˜¯é‚£ä¸ªå¦ž,å°±æ˜¯é‚£ä¸ªå¦ž
12220,å°å©·å©·,å°å©·å©·
10191,å°è–‡,å°è–‡
10108,soâ€¦â€¦,soâ€¦â€¦
11133,ä¸œä¸œ,ä¸œä¸œ
11841,æ™´ç©ºä¸€é¹¤,æ™´ç©ºä¸€é¹¤
11684,é˜¿éƒ,é˜¿éƒ
10989,ä»»å“ˆå“ˆ,ä»»å“ˆå“ˆ
11154,2ä¹™,2ä¹™
12735,èµµä¸ç©º_,èµµä¸ç©º_
13219,ceci,ceci
11180,é£Žä¸­è¿½é£Ž,é£Žä¸­è¿½é£Ž
10074,ç‰¹ç«‹ç‹¬è¡Œçš„çŒª,ç‰¹ç«‹ç‹¬è¡Œçš„çŒª
10134,-,-
10369,aaaaacend,aaaaacend
11449,ä»Šå¤©å–é…¸å¥¶äº†å—,ä»Šå¤©å–é…¸å¥¶äº†å—
11121,ä¼˜è¯º.å®‰,ä¼˜è¯º.å®‰
12662,ç‚™çƒ­,ç‚™çƒ­
13157,Taylorxu,Taylorxu
10924,å´ä¸€ç‰©,å´ä¸€ç‰©
12918,Vivi,Vivi
10300,æž«ç™½,æž«ç™½
11514,....,....
11613,å¹¼ç¨šå›­å°éœ¸çŽ‹ðŸµ,å¹¼ç¨šå›­å°éœ¸çŽ‹ðŸµ
11238,å°å·¦~~,å°å·¦~~
12516,æ—§äºŒå›,æ—§äºŒå›
11023,è€¶è·¯æ’’å†·,è€¶è·¯æ’’å†·
13028,è²“æ»¾æ»¾,è²“æ»¾æ»¾
10637,whyJanny,whyJanny
10618,æ—¦23å¥½äº‹æˆå †,æ—¦23å¥½äº‹æˆå †
11226,è°çš„è½»èˆŸ,è°çš„è½»èˆŸ
12347,é˜¿ä¸ã€‚,é˜¿ä¸ã€‚
11784,rabijenny,rabijenny
12067,æ¢¦ä¸­å¤œé˜‘,æ¢¦ä¸­å¤œé˜‘
11614,çš®çš®æ£‰,çš®çš®æ£‰
12719,å”ä¼½èŠˆ,å”ä¼½èŠˆ
12248,åŠ è²åœ¨ç²¾ç¥žè§’è½,åŠ è²åœ¨ç²¾ç¥žè§’è½
12099,çŽ‰å…”æ£è¯,çŽ‰å…”æ£è¯
12879,å¾®å¾®å®‰rser,å¾®å¾®å®‰rser
11561,ç”œé£Ÿå„¿,ç”œé£Ÿå„¿
11340,è´¾å…¬å­,è´¾å…¬å­
10590,é—ªäº®,é—ªäº®
12273,amy28,amy28
11118,è–„è·,è–„è·
12096,æ”¾ç©º,æ”¾ç©º
10606,ä¸å–èŒå¯ä»¥å—R,ä¸å–èŒå¯ä»¥å—R
12939,å…°æ¸…,å…°æ¸…
10769,noreminisce_,noreminisce_
11995,å°ä¸¸å­çš„çª,å°ä¸¸å­çš„çª
10586,æ™´æœ—,æ™´æœ—
11048,å’•æ˜Ÿå­åŸðŸŒŸ,å’•æ˜Ÿå­åŸðŸŒŸ
11084,åƒè‰çš„å–µå–µ,åƒè‰çš„å–µå–µ
12638,>///<,>///<
12557,æ¾„é™å¤©ç©º,æ¾„é™å¤©ç©º
11246,ç´«_é£Žé“ƒmiss,ç´«_é£Žé“ƒmiss
10766,åŒ…å­åŒ…å­,åŒ…å­åŒ…å­
13132,å…”å­å…ˆç”Ÿ,å…”å­å…ˆç”Ÿ
13156,åƒè‘¡è„ä¸åç“œç±½,åƒè‘¡è„ä¸åç“œç±½
12952,åŒ—æžç†Šçš„è€³æœµ,åŒ—æžç†Šçš„è€³æœµ
11487,é‡‡è˜‘è‡çš„å¤§ç°ç‹¼,é‡‡è˜‘è‡çš„å¤§ç°ç‹¼
13044,é’è,é’è
12563,è·³é±¼,è·³é±¼
12124,åƒåƒåƒ,åƒåƒåƒ
12863,Yaman,Yaman
11454,çŽ„å­æ˜‚å£,çŽ„å­æ˜‚å£
13262,æ„å¿µ,æ„å¿µ
11882,ç«¹æž—ä¸ŽçŒªè‚‰,ç«¹æž—ä¸ŽçŒªè‚‰
13260,å¼ å®¶å°é¹¿,å¼ å®¶å°é¹¿
12310,Miss rabbit,Miss rabbit
13216,Rickyå“¥,Rickyå“¥
12408,é‚ªæ‹§èŒå›,é‚ªæ‹§èŒå›
12117,é™é™é™é™,é™é™é™é™
13045,minanayo,minanayo
13349,001,001
12693,å’¸é±¼é›¾,å’¸é±¼é›¾
11150,Y-self,Y-self
12098,Peggy,Peggy
13294,freefanj,freefanj
12252,å©·å•Šå–‚ting,å©·å•Šå–‚ting
12404,è¨è¥¿æ‘©å°”*,è¨è¥¿æ‘©å°”*
12346,å®‡å®™è¶…çº§å¤§å·¨è±†,å®‡å®™è¶…çº§å¤§å·¨è±†
12175,ParadramA,ParadramA
11510,Zzå¦‚é£Ž,Zzå¦‚é£Ž
12140,æŽå¢¨æ™—,æŽå¢¨æ™—
10034,jtwo,jtwo
10371,ç‘žç§‹,ç‘žç§‹
11998,å‹‹é¹¿345,å‹‹é¹¿345
10697,shiny,shiny
11851,teresaçš„ä¸–ç•Œ,teresaçš„ä¸–ç•Œ
13147,SLblueblue,SLblueblue
12717,çŠçŠ,çŠçŠ
12227,è±†è±†å¥³å­©,è±†è±†å¥³å­©
10650,zoe,zoe
10670,1984,1984
12677,å¸é©¬å°ä¸º,å¸é©¬å°ä¸º
11426,å·´æ‹‰æ‹‰å°é­”ä»™,å·´æ‹‰æ‹‰å°é­”ä»™
10399,èŒ‰é»›,èŒ‰é»›
11257,è±¡ç‰™è´¨,è±¡ç‰™è´¨
11432,Brian,Brian
13023,æ˜Šå­,æ˜Šå­
11847,æµ…,æµ…
10347,å·²æ³¨é”€,å·²æ³¨é”€
11638,evilwinnie,evilwinnie
10959,ç§‹ç§‹ç§‹å…¬å­,ç§‹ç§‹ç§‹å…¬å­
12643,Seriously ï¼Ÿï¼Ÿ,Seriously ï¼Ÿï¼Ÿ
10309,ç¯±è½,ç¯±è½
13320,Donnng,Donnng
11552,é¦™è‰å‘³Doris,é¦™è‰å‘³Doris
11297,JCooing,JCooing
11360,2046,2046
11210,ç”œåˆè…»,ç”œåˆè…»
12733,å¤´ä¸Šæœ‰çŠ„è§’,å¤´ä¸Šæœ‰çŠ„è§’
13281,æ€é½,æ€é½
12583,æ°´æœ¨å¹´ç³•,æ°´æœ¨å¹´ç³•
11355,Cicy,Cicy
12999,å¤§èŠ¯ðŸŒž,å¤§èŠ¯ðŸŒž
11563,At,At
13382,æˆ‘çˆ±ç¢Žç¢Žå¿µ,æˆ‘çˆ±ç¢Žç¢Žå¿µ
10903,å¥•é œ,å¥•é œ
11825,ä¸çŸ¥é“,ä¸çŸ¥é“
11564,è²å°å¦®,è²å°å¦®
12442,ä¸‰ä¸¤è€å‹,ä¸‰ä¸¤è€å‹
11711,Carrie,Carrie
12634,æ·±æµ·é‡Œçš„é±¼,æ·±æµ·é‡Œçš„é±¼
13159,å­œå­œ,å­œå­œ
11972,è™¾ä»è·‘è›‹åŠ èŠå£«,è™¾ä»è·‘è›‹åŠ èŠå£«
12465,çŒ«æ€§çš„çŒ«,çŒ«æ€§çš„çŒ«
11747,X,X
11485,Monster.xi,Monster.xi
13296,æˆ‘çœŸçš„ä¸çŸ¥é“,æˆ‘çœŸçš„ä¸çŸ¥é“
11037,Lumos,Lumos
10906,å­å¸Œ,å­å¸Œ
11002,è¥¿æºªè·¯,è¥¿æºªè·¯
10527,åä¸‰,åä¸‰
10541,hey jackman,hey jackman
12877,å‘œå‘œ,å‘œå‘œ
10171,å¤§åœŸè±†ã€‚,å¤§åœŸè±†ã€‚
12683,åå,åå
11596,magicworld,magicworld
10991,é˜¿faaa_,é˜¿faaa_
13192,è°¢å¥½å¥½,è°¢å¥½å¥½
12086,sasa,sasa
11492,Mrs.wan,Mrs.wan
10710,ç½‚ ç²Ÿã€ å äº†,ç½‚ ç²Ÿã€ å äº†
12158,æ¶›ä¾ ,æ¶›ä¾ 
10686,è°çŸ¥é“æ˜¯è°å‘¢,è°çŸ¥é“æ˜¯è°å‘¢
11665,aquarius,aquarius
12857,ä¹ˆä¹ˆæ±‰,ä¹ˆä¹ˆæ±‰
11636,å¶å°èŠ±,å¶å°èŠ±
10180,Pluto,Pluto
11599,123,123
10009,åŠå¤©æ†‹ä¸å‡ºä¸ªå­—,åŠå¤©æ†‹ä¸å‡ºä¸ªå­—
12927,æ¥ æ¥ å¦¹å­,æ¥ æ¥ å¦¹å­
11455,æˆ‘çœ‹ä¸è§çœ‹ä¸è§,æˆ‘çœ‹ä¸è§çœ‹ä¸è§
11694,Missä»˜,Missä»˜
11289,ä¼Šäººé†‰,ä¼Šäººé†‰
11941,è”æžæ±,è”æžæ±
11664,çœ‰é‡Œ,çœ‰é‡Œ
12291,æ£ æ£ ä¸æ˜¯ç³–ç³–,æ£ æ£ ä¸æ˜¯ç³–ç³–
10232,ä»Šå¤©å­¦ä¹ äº†ä¹ˆ,ä»Šå¤©å­¦ä¹ äº†ä¹ˆ
10390,é­”æ³•å¸ˆè‰¾ç³ï¼,é­”æ³•å¸ˆè‰¾ç³ï¼
11472,èŠ­è•‰æ¡‘å°è˜‘è‡,èŠ­è•‰æ¡‘å°è˜‘è‡
10382,zhao,zhao
12627,è±†è±†è±†è±†å˜,è±†è±†è±†è±†å˜
12830,Rendezvous,Rendezvous
10284,é“è§‚éŸ³çˆ±çº¢èŒ¶,é“è§‚éŸ³çˆ±çº¢èŒ¶
10359,æ˜¥å·,æ˜¥å·
10940,ç†¹å¾®å…¬å­,ç†¹å¾®å…¬å­
11980,æ— å¿§,æ— å¿§
12871,ä½ è¯´éš¾å—ä¸éš¾å—,ä½ è¯´éš¾å—ä¸éš¾å—
12380,Ellerbee,Ellerbee
12692,ä¸¢~,ä¸¢~
10383,paopao,paopao
12907,åœ†,åœ†
11632,Sadako-é…±,Sadako-é…±
10877,å‡Œæ³¢,å‡Œæ³¢
11579,pinkmeðŸŽ€,pinkmeðŸŽ€
12458,èœèœå¤§èèŽ‰ty,èœèœå¤§èèŽ‰ty
13182,dock,dock
10833,Mainomenos,Mainomenos
10749,æ˜¥æ—¥å¥‡ç¼˜,æ˜¥æ—¥å¥‡ç¼˜
11771,å°è˜‘è‡,å°è˜‘è‡
10849,snowseven,snowseven
12523,è¥¿æºªçš„æ™´é›¨,è¥¿æºªçš„æ™´é›¨
11464,è¶£å¤šå¤š~,è¶£å¤šå¤š~
11231,softenoen,softenoen
13018,å¤§è„¸çŒ«çŒ«,å¤§è„¸çŒ«çŒ«
12254,æ¸…ç§‹,æ¸…ç§‹
10865,å°å°å°å°å°å°è„¸,å°å°å°å°å°å°è„¸
11201,åŠ ç‚¹å·´æ‹‰æ¾,åŠ ç‚¹å·´æ‹‰æ¾
12964,ä¹ç£…åäº”ä¾¿å£«,ä¹ç£…åäº”ä¾¿å£«
10161,å¶å­,å¶å­
12609,Cent277,Cent277
10401,è‘£è‘£è‘£å°é¬¼,è‘£è‘£è‘£å°é¬¼
12437,ç‹®å­å°å§,ç‹®å­å°å§
11192,lehehazel,lehehazel
10582,10ä¸ªç‰›è½§ç³–,10ä¸ªç‰›è½§ç³–
10812,æ¸…è’¸é±¼Ë‰ï¹ƒË‰,æ¸…è’¸é±¼Ë‰ï¹ƒË‰
11374,YURI,YURI
11427,æ¡ƒåƒåƒ,æ¡ƒåƒåƒ
11905,éƒ­èŽ‰èŽ‰,éƒ­èŽ‰èŽ‰
12910,Capt_Lu,Capt_Lu
11077,xiaomin,xiaomin
12567,å®‰æ´›æœ¨,å®‰æ´›æœ¨
10601,å¤§å‡€,å¤§å‡€
12984,çŽ‹å›å›,çŽ‹å›å›
11016,åˆ˜ä¼ ,åˆ˜ä¼ 
12746,æƒ³è±¡ç©ºç™½,æƒ³è±¡ç©ºç™½
11365,dbwusnfhs,dbwusnfhs
10955,æ’’ä¹ˆå®å®,æ’’ä¹ˆå®å®
10184,æ—ºæ—ºä»™è´,æ—ºæ—ºä»™è´
12755,è€é˜¿å§¨æ—¥è®°,è€é˜¿å§¨æ—¥è®°
10874,ziyiee,ziyiee
10403,åæ–¹,åæ–¹
10501,Kathy é…±çš„å…œå…œ,Kathy é…±çš„å…œå…œ
10891,é¡¾æƒ…æ¬¢,é¡¾æƒ…æ¬¢
12869,147****1340,147****1340
11758,monaco,monaco
13232,æ¨±æ¡ƒæœ¨ä¸Žé»‘é™¶åœŸ,æ¨±æ¡ƒæœ¨ä¸Žé»‘é™¶åœŸ
13082,å·´æ‹‰æ‹‰å†²å‡»æ³¢,å·´æ‹‰æ‹‰å†²å‡»æ³¢
10807,æŸ´æŸ´,æŸ´æŸ´
12147,å°ç²¥,å°ç²¥
10481,é›¨æ™´,é›¨æ™´
13333,zzzzzyh,zzzzzyh
11291,å¤§æ¢¦åˆé†’è’å”,å¤§æ¢¦åˆé†’è’å”
10768,è¾›æ³¢æ–¯æ–‡,è¾›æ³¢æ–¯æ–‡
10323,hahahalea,hahahalea
10344,å‘€~,å‘€~
11450,åŒåŒ,åŒåŒ
13124,é±¼éžå­,é±¼éžå­
10088,ina,ina
10244,è–›æ‹Žæ¤°,è–›æ‹Žæ¤°
12519,Alic_tts,Alic_tts
11678,æˆ‘å¦ˆæ¥äº†çœŸæ¥äº†,æˆ‘å¦ˆæ¥äº†çœŸæ¥äº†
11248,å°‘å¹´ç»´ç‰¹çš„çƒ¦æ¼,å°‘å¹´ç»´ç‰¹çš„çƒ¦æ¼
11871,æ³¢èµ›èŽ«,æ³¢èµ›èŽ«
12427,å˜Ÿ,å˜Ÿ
10675,ä½ çŒœ,ä½ çŒœ
10131,ç±³å…ˆç”Ÿ,ç±³å…ˆç”Ÿ
10540,è·¯è¿‡ä¸€åªèœ»èœ“,è·¯è¿‡ä¸€åªèœ»èœ“
12283,Nice & Cold,Nice & Cold
13343,å’hh,å’hh
12689,å˜æ€è¾£é¸¡è…¿,å˜æ€è¾£é¸¡è…¿
11354,WANGå°å§,WANGå°å§
13013,kohy,kohy
10728,å–œ,å–œ
10638,å°‘å¥³æƒ…æ€€æ€»æ˜¯æŒ›,å°‘å¥³æƒ…æ€€æ€»æ˜¯æŒ›
11111,äº‘æœµä¸ŠLIA,äº‘æœµä¸ŠLIA
12451,ä¸€æ•,ä¸€æ•
11791,æ­Œè€…,æ­Œè€…
12680,redcandy31,redcandy31
10617,çŒ´ä¸é‚‹é¢,çŒ´ä¸é‚‹é¢
11810,yuzyii,yuzyii
12586,è¥¿ç“œå¯¹åŠåˆ†,è¥¿ç“œå¯¹åŠåˆ†
12030,å†æ¥ä¸€ç“¶ä¼ç‰¹åŠ ,å†æ¥ä¸€ç“¶ä¼ç‰¹åŠ 
12598,anqi,anqi
10703,å®«çˆ†è€å¥¶å¥¶,å®«çˆ†è€å¥¶å¥¶
10422,å°æºª,å°æºª
11421,Kalau,Kalau
11590,LLL,LLL
10656,å¤é˜¿çŒ«,å¤é˜¿çŒ«
13272,æœ‰åœŸè±†å°±ä¸ä¼šæ­»,æœ‰åœŸè±†å°±ä¸ä¼šæ­»
12661,å‘¨æ´,å‘¨æ´
11628,çˆ±ä½ çš„ç”·äºº,çˆ±ä½ çš„ç”·äºº
11946,Erapeach,Erapeach
11877,å¤šä½ å¦¹,å¤šä½ å¦¹
10593,è¿·é¹¿é…±âœ¿,è¿·é¹¿é…±âœ¿
10334,sly,sly
12196,æ­»ç¥žåˆ°ä¹Ÿ,æ­»ç¥žåˆ°ä¹Ÿ
10691,DON JUAN,DON JUAN
10551,è¦è¦,è¦è¦
12087,æ±ªå–µ,æ±ªå–µ
11182,lalalala,lalalala
12131,å¾ðŸ‘©ðŸ»,å¾ðŸ‘©ðŸ»
12667,è–„è·å‘³çš„æ¡ƒå­å›,è–„è·å‘³çš„æ¡ƒå­å›
11586,å°ã‚­ã‚¯ãƒ©ã‚²,å°ã‚­ã‚¯ãƒ©ã‚²
11343,Ù©( 'Ï‰' )è“,Ù©( 'Ï‰' )è“
11245,å‘€ï¼å°é»„äºº,å‘€ï¼å°é»„äºº
12221,é˜¿ç¬ åšå£«,é˜¿ç¬ åšå£«
13249,FireS_J,FireS_J
13102,ç”»é£Žæ¸…å¥‡,ç”»é£Žæ¸…å¥‡
10159,Huxley,Huxley
13238,ä¹æœˆçš„éº¦åœ°,ä¹æœˆçš„éº¦åœ°
12148,æ³¡èŠ™,æ³¡èŠ™
13317,ç„¶åŽå‘¢,ç„¶åŽå‘¢
11962,å‰Šé±¼,å‰Šé±¼
10861,fklewnied,fklewnied
10039,willasun,willasun
10214,æ°´æžœ,æ°´æžœ
11538,ä¸€ä¸ˆçº¢,ä¸€ä¸ˆçº¢
11266,Zoeyyye,Zoeyyye
12454,å°é¹¿ä¸€åª,å°é¹¿ä¸€åª
13148,zzq15948,zzq15948
10503,åŒ—æ¬§çš„ç©ºæ°”æ˜¯ç”œ,åŒ—æ¬§çš„ç©ºæ°”æ˜¯ç”œ
12905,Jessie Chung,Jessie Chung
12075,mylee,mylee
10049,å™«æ—´æˆ²,å™«æ—´æˆ²
11402,ç‹‚å¥”å§å°‘å¥³,ç‹‚å¥”å§å°‘å¥³
10003,è´å¡”,è´å¡”
12222,åˆå†¬,åˆå†¬
11974,å¼ è·¯ç¿Ž,å¼ è·¯ç¿Ž
11312,æ¾å­,æ¾å­
11043,ä¸€ä¸ªå¤§å†™çš„L,ä¸€ä¸ªå¤§å†™çš„L
13022,ç™½ä»™ä»™ã€‚,ç™½ä»™ä»™ã€‚
13340,é±¼å°¾å‘³,é±¼å°¾å‘³
11255,æœ‰æ„æ— æ„,æœ‰æ„æ— æ„
10610,mysgld,mysgld
10592,å…¨å®‡å®™æˆ‘æœ€æ…¢,å…¨å®‡å®™æˆ‘æœ€æ…¢
11806,æš–é˜³â˜€ï¸,æš–é˜³â˜€ï¸
11143,é˜¿å¡ä¸½,é˜¿å¡ä¸½
11530,ä¸™èŠ®,ä¸™èŠ®
12172,yoonayacc,yoonayacc
10439,ç®¡æµ·çŽ²å­,ç®¡æµ·çŽ²å­
10845,æ¸…äº”,æ¸…äº”
10672,å¼ è‰ºå…´çš„å¥³æœ‹å‹,å¼ è‰ºå…´çš„å¥³æœ‹å‹
10965,BIABIABIA,BIABIABIA
10838,B-X,B-X
12678,ç™½ç”°çå®é‡‘,ç™½ç”°çå®é‡‘
12659,Uhaé…±,Uhaé…±
12167,åŒ—åŒ—åŒ—,åŒ—åŒ—åŒ—
12969,æ´‹è‘±å¤´,æ´‹è‘±å¤´
10988,clare,clare
12764,iRenee,iRenee
11479,Heavenly,Heavenly
11504,Vincent,Vincent
11617,æµŠ,æµŠ
12729,loveç”œæ©™å­_8042,loveç”œæ©™å­_8042
13125,ä¸€åªäº‘æ¸¸çš„çŒ«,ä¸€åªäº‘æ¸¸çš„çŒ«
11350,Leafer,Leafer
10365,Ada,Ada
11780,å›æ‚¦äº‹,å›æ‚¦äº‹
10285,èŒ±é©ª,èŒ±é©ª
11352,åœ°çƒæœ¬çƒ,åœ°çƒæœ¬çƒ
11624,è·³è·³,è·³è·³
11947,ä¸æ»¡,ä¸æ»¡
10204,è‰²æ‹‰æ²¡æœ‰å°é¾™è™¾,è‰²æ‹‰æ²¡æœ‰å°é¾™è™¾
12624,æ˜Žå¤©ä¸€åˆ‡å¥½è¯´ã€‚,æ˜Žå¤©ä¸€åˆ‡å¥½è¯´ã€‚
10862,æœ±å°¹ä¸œ,æœ±å°¹ä¸œ
11047,å¤§å®åŒå­¦,å¤§å®åŒå­¦
12237,å°è§å„¿å„¿,å°è§å„¿å„¿
13204,æ˜‰æ˜‰,æ˜‰æ˜‰
11928,YIYI,YIYI
11170,: ï¼‰,: ï¼‰
11241,7èŠ±,7èŠ±
10356,Mé…±,Mé…±
12319,Arya,Arya
10720,è¥¿çº¢æŸ¿é¸¡è›‹é¢,è¥¿çº¢æŸ¿é¸¡è›‹é¢
12559,Mary,Mary
11523,Jasmine,Jasmine
11384,Zero,Zero
11128,Cindy,Cindy
11040,æ¸…æ¬¢,æ¸…æ¬¢
10655,å¦‚æ¢¦ä¹‹æ¢¦,å¦‚æ¢¦ä¹‹æ¢¦
10287,æ¦´èŽ²é…¥,æ¦´èŽ²é…¥
12893,Yæ­ªæ­ª,Yæ­ªæ­ª
12257,åŒ—æ¬§è‘±å¤´,åŒ—æ¬§è‘±å¤´
10804,å’–å•¡ä¸åŠ ç³–,å’–å•¡ä¸åŠ ç³–
11754,å°å§œå§œæ—©ä¸Šå¥½,å°å§œå§œæ—©ä¸Šå¥½
12854,è¹¦è·¶çš„è¹¦è¹¦,è¹¦è·¶çš„è¹¦è¹¦
13004,å½³äº,å½³äº
11041,ä¹”æœ¨,ä¹”æœ¨
11918,é•¿é¢ˆé¹¿ing,é•¿é¢ˆé¹¿ing
12320,é—¨èƒéº¦,é—¨èƒéº¦
10635,åº·ç†Šç†Šã€‚,åº·ç†Šç†Šã€‚
10490,æµ·å²›ä¸Šæ²‰é»˜çš„çŒª,æµ·å²›ä¸Šæ²‰é»˜çš„çŒª
11625,çˆ±éº»éº»åŽ»,çˆ±éº»éº»åŽ»
11683,Harl,Harl
12072,å°å“¥åœ†å›,å°å“¥åœ†å›
10118,s-s,s-s
12874,èƒ¥æ—¶æ‚¦,èƒ¥æ—¶æ‚¦
10908,joy,joy
10491,é¸¡çˆªæŽ§,é¸¡çˆªæŽ§
10499,æŒ–æ¥å˜¿ðŸ,æŒ–æ¥å˜¿ðŸ
11018,Rivermorly.,Rivermorly.
10571,é˜¿ç‹¸çˆ±å–æ°´,é˜¿ç‹¸çˆ±å–æ°´
10199,DaVinCi,DaVinCi
12664,å…­æœˆ,å…­æœˆ
10294,Dreamer,Dreamer
10938,Camphor Tree,Camphor Tree
12345,GUOhan.,GUOhan.
12211,æœŸå¾…å’Œè°168,æœŸå¾…å’Œè°168
13095,Anonymous,Anonymous
12943,fesscia,fesscia
12480,Cissy,Cissy
10983,jamfield,jamfield
12797,shulai,shulai
10682,ç‰›newçš„å°é¸½å­,ç‰›newçš„å°é¸½å­
11242,lonelyer,lonelyer
10782,æ‘å±±è‰¯æ ‘,æ‘å±±è‰¯æ ‘
13032,argo,argo
12429,èŠ±èŠ±,èŠ±èŠ±
12824,å·«è¨€,å·«è¨€
10472,æ¸”çŽ‹,æ¸”çŽ‹
11817,é™¶åŒ—,é™¶åŒ—
12349,beta,beta
11829,æƒ³å“­ï¼Œæƒ³ç¬‘ï¼Œæƒ³,æƒ³å“­ï¼Œæƒ³ç¬‘ï¼Œæƒ³
11368,ä¸€åªå«divaçš„ðŸ¼,ä¸€åªå«divaçš„ðŸ¼
11730,ç‰ç’ƒ,ç‰ç’ƒ
12790,ä¸‹æ ‘é‡Œ,ä¸‹æ ‘é‡Œ
10004,ãƒžãƒƒãƒ‰ãƒãƒƒã‚¿ãƒ¼,ãƒžãƒƒãƒ‰ãƒãƒƒã‚¿ãƒ¼
10081,é›…å°è‹,é›…å°è‹
11682,è•¾å°èƒ–ã€‚,è•¾å°èƒ–ã€‚
11968,è™›éœ,è™›éœ
13176,Not_Yet,Not_Yet
10944,Naomi,Naomi
12630,æƒ…ç»ªæŽ§åˆ¶å›°éš¾æˆ·,æƒ…ç»ªæŽ§åˆ¶å›°éš¾æˆ·
13274,ä¸åšè¿·å¦¹å˜¿å’»,ä¸åšè¿·å¦¹å˜¿å’»
12577,å®‹å®‹,å®‹å®‹
12646,xiaoå°æž«å­,xiaoå°æž«å­
11719,?,?
11725,æ”è½ã®ç…™åŸ–,æ”è½ã®ç…™åŸ–
12012,æ‰­æ‰­,æ‰­æ‰­
10321,æµ·é¸¥,æµ·é¸¥
12814,cyzzzzzzzzz...,cyzzzzzzzzz...
10589,é¾™çŒ«é¾™çŒ«çŒ«,é¾™çŒ«é¾™çŒ«çŒ«
10130,èŽ«è¥¿,èŽ«è¥¿
11595,ä¸¸å±±ãƒ‘ãƒ³,ä¸¸å±±ãƒ‘ãƒ³
12061,é˜¿æ–¹ç´¢å°çº¢å¸½,é˜¿æ–¹ç´¢å°çº¢å¸½
12027,fiercedai,fiercedai
12994,Lisa,Lisa
10597,æ¼‚ç™½åŽçš„ä¸‰æ–‡é±¼,æ¼‚ç™½åŽçš„ä¸‰æ–‡é±¼
12694,æŸèˆŸ,æŸèˆŸ
11772,å¼ Daå§—,å¼ Daå§—
13297,å°±ä¸å‘Šè¯‰ä½ åå­—,å°±ä¸å‘Šè¯‰ä½ åå­—
11944,goodbyewestlake,goodbyewestlake
12381,åˆ˜æ˜Šç„¶çš„å¿ƒä¸Šäºº,åˆ˜æ˜Šç„¶çš„å¿ƒä¸Šäºº
12005,å¤ªé˜³ã®æ£±è§’,å¤ªé˜³ã®æ£±è§’
11488,zoe10969,zoe10969
13070,å‘å…‰çš„è‰ä¸¸å­,å‘å…‰çš„è‰ä¸¸å­
12078,eleven,eleven
13364,åŽŸå…¬å­,åŽŸå…¬å­
11645,yæˆ¿é—´,yæˆ¿é—´
10668,caaaaa,caaaaa
10222,R.I.P,R.I.P
10604,æˆ‘,æˆ‘
11709,fairwo,fairwo
12588,å©å©åŒš,å©å©åŒš
12306,å¤§å‘,å¤§å‘
12688,é™ˆå…­æ¯›,é™ˆå…­æ¯›
11902,å…°Så¤©ç©º,å…°Så¤©ç©º
12740,åƒå¿ƒè‚çš„çˆ±ä¸½ä¸,åƒå¿ƒè‚çš„çˆ±ä¸½ä¸
12487,äºŒå§‘å¨˜çš„æ‰‹,äºŒå§‘å¨˜çš„æ‰‹
11820,é­”æ³•å°‘å¥³çŽ‹å¤§é”¤,é­”æ³•å°‘å¥³çŽ‹å¤§é”¤
12284,Daisy SHI,Daisy SHI
10366,å˜€å“©å“©å“©å“©å“©,å˜€å“©å“©å“©å“©å“©
13103,æ¸©é…’çš„æ¸©é…’,æ¸©é…’çš„æ¸©é…’
10364,å¾®è“çš„é’,å¾®è“çš„é’
12504,mushroom,mushroom
11418,Carolyn,Carolyn
10200,Angela Lan,Angela Lan
10042,éŸ©å®‰å¨œå‘€,éŸ©å®‰å¨œå‘€
12974,GG,GG
13381,å–µ~~~,å–µ~~~
10538,å¼ è‡æ—¶,å¼ è‡æ—¶
10487,Vincy,Vincy
11167,ä¸«ä¸«beautyæŽ§,ä¸«ä¸«beautyæŽ§
12711,ç«Ÿç„¶æœ‰äºº,ç«Ÿç„¶æœ‰äºº
11453,RosalieðŸ‘¿neon,RosalieðŸ‘¿neon
11985,å®‰ç¦é…±,å®‰ç¦é…±
12851,joerica,joerica
11938,ç¡ä¸ç€,ç¡ä¸ç€
13074,å­¦ä¸ä¼š,å­¦ä¸ä¼š
11294,Annie,Annie
11420,ä¸¹ä¸‰,ä¸¹ä¸‰
11467,å°æ–¹è›‹ç³•,å°æ–¹è›‹ç³•
10317,æŽå›¡,æŽå›¡
12850,åŠä¸ªå¤œçŒ«ç†¬,åŠä¸ªå¤œçŒ«ç†¬
12352,princessé‚“,princessé‚“
11899,é¸¡è¡€å¦¹ï¼Œ,é¸¡è¡€å¦¹ï¼Œ
10335,æ€»æ˜¯è§‰å¾—å¾ˆé¥¿,æ€»æ˜¯è§‰å¾—å¾ˆé¥¿
12996,ç©ºçŸ¥è·³å…¥æ´žçˆ·æ¹–,ç©ºçŸ¥è·³å…¥æ´žçˆ·æ¹–
11278,MilkMinMin,MilkMinMin
11640,å´å½¦ç¥–,å´å½¦ç¥–
11468,æ°“,æ°“
11499,èŒèŒ,èŒèŒ
12113,ç´ å°ã€‚æœ›,ç´ å°ã€‚æœ›
10994,yueå°è‰èŽ“,yueå°è‰èŽ“
10318,Hader ship,Hader ship
12261,æ€ªåœˆåœˆã€‚,æ€ªåœˆåœˆã€‚
11550,etå’ªå®,etå’ªå®
13001,æœªæ¥ã®å¤œç©º,æœªæ¥ã®å¤œç©º
10412,teadreaming,teadreaming
10085,å¹³å¸¸å¿ƒ,å¹³å¸¸å¿ƒ
12051,Kå§‘å¨˜,Kå§‘å¨˜
10283,Wong,Wong
10765,TLONG29,TLONG29
12168,åœ£å½¼å¾—å ¡ä¸æ’ç”µ,åœ£å½¼å¾—å ¡ä¸æ’ç”µ
12555,KoalaK,KoalaK
11345,è…»å‘³,è…»å‘³
11557,Fiona,Fiona
13357,åŽŸå‘³ç½‘æ°‘,åŽŸå‘³ç½‘æ°‘
11413,Eileen Cat,Eileen Cat
12787,Jo,Jo
12679,å”æ‹¿,å”æ‹¿
10575,-é˜¿Ï€,-é˜¿Ï€
13069,SueðŸŒµ,SueðŸŒµ
10098,äº²çˆ±çš„,äº²çˆ±çš„
12134,yotine,yotine
12847,é‡‘é’©ç™½,é‡‘é’©ç™½
11298,èŠŠçŠ,èŠŠçŠ
12302,Emmaçš„ä¾¿åˆ©åº—,Emmaçš„ä¾¿åˆ©åº—
10662,ç§‘æ¯”,ç§‘æ¯”
13072,karida319,karida319
10519,è¢œå„¿,è¢œå„¿
11286,è–›å°æ˜Žçš„éŸ©æ¢…æ¢…,è–›å°æ˜Žçš„éŸ©æ¢…æ¢…
10776,è‚–æ—ºæ¢“,è‚–æ—ºæ¢“
10956,ç°ç…¤ç²‰,ç°ç…¤ç²‰
13140,æ©™å­,æ©™å­
10050,ä¸”å¬é£ŽåŸ,ä¸”å¬é£ŽåŸ
10507,ç‚¸é£žä½ é—¨ç‰™beng,ç‚¸é£žä½ é—¨ç‰™beng
12364,GAla,GAla
10690,HongMak,HongMak
11925,å¤å°æ­ª,å¤å°æ­ª
13063,Nicoleè·¯é¥,Nicoleè·¯é¥
13300,æ£ª,æ£ª
10572,ä¾ç±³lily,ä¾ç±³lily
10732,å…¨ã€‚å‘³,å…¨ã€‚å‘³
10512,salsa,salsa
12165,Wang's,Wang's
10827,Teresa BoA,Teresa BoA
12384,sevenevermore,sevenevermore
10169,æ»¡å¤©æ˜Ÿ,æ»¡å¤©æ˜Ÿ
10735,æ²ˆèŠ„è˜­,æ²ˆèŠ„è˜­
10113,æ‰æ£®å°å²›,æ‰æ£®å°å²›
12235,æ ¼åŠ›å¡”,æ ¼åŠ›å¡”
12482,å¤èŒäºº,å¤èŒäºº
11761,é»„é»„,é»„é»„
10679,åƒé¥±äº†æ’‘çš„,åƒé¥±äº†æ’‘çš„
11460,shuitai,shuitai
12194,å¯å·´ç›–å¸,å¯å·´ç›–å¸
10068,å¡è‚‰,å¡è‚‰
12428,ExplodedDiper,ExplodedDiper
10899,å¾ç³»Shirley,å¾ç³»Shirley
12212,A_New_Trilogy,A_New_Trilogy
11480,åƒè—•è—•,åƒè—•è—•
10629,ä¸€åªé•¿è€³ç¾Šå’©,ä¸€åªé•¿è€³ç¾Šå’©
10277,æ¢…æ´¥æ´¥,æ¢…æ´¥æ´¥
12932,å‚»ç™½ç”œè½¯ä¸æ˜¯æˆ‘,å‚»ç™½ç”œè½¯ä¸æ˜¯æˆ‘
11644,æˆ‘æ˜¯é—ªç”µ,æˆ‘æ˜¯é—ªç”µ
11763,é©¬çŽ‰å…°,é©¬çŽ‰å…°
12200,hyacinth,hyacinth
10636,æ¸£æ¸£,æ¸£æ¸£
11692,shmily,shmily
11569,ç„«çµ,ç„«çµ
11592,äºŒåä¸‰å››,äºŒåä¸‰å››
12641,vanvanyan,vanvanyan
11409,é£Žä»Žé£Žå¹èµ·,é£Žä»Žé£Žå¹èµ·
10876,æŽå‡‰ç²‰å„¿,æŽå‡‰ç²‰å„¿
12407,åä¸‰æœˆvivi,åä¸‰æœˆvivi
10550,å‡‰ å‡‰,å‡‰ å‡‰
12026,sofiayan,sofiayan
11795,æµ·èƒ†ä¸Žæ¦´èŽ²,æµ·èƒ†ä¸Žæ¦´èŽ²
10489,Hojo,Hojo
12002,Dreamkuang1996,Dreamkuang1996
11801,Camellia,Camellia
11591,å°å°éœœå­,å°å°éœœå­
12655,Miyuu,Miyuu
11052,æŽç‹—è›‹,æŽç‹—è›‹
11260,æŸæŸå°å·,æŸæŸå°å·
11588,megan,megan
10424,Kdult 11,Kdult 11
10725,FadeFlame,FadeFlame
11750,æ–—é¸¡å¥³å£«,æ–—é¸¡å¥³å£«
10217,â™€ä¸€åªçŒ«çš„æ—…è¡Œ,â™€ä¸€åªçŒ«çš„æ—…è¡Œ
12414,æ½‡æ¹˜å¢¨,æ½‡æ¹˜å¢¨
11392,ç”¨çœŸåå¾ˆè ¢,ç”¨çœŸåå¾ˆè ¢
11189,jeff-p,jeff-p
11349,åœŸå°åŸ‹,åœŸå°åŸ‹
12872,æ¤°å­æ ‘,æ¤°å­æ ‘
10562,Adela,Adela
12800,FireStar,FireStar
12771,çŽ‹åæœˆ,çŽ‹åæœˆ
10236,é˜¿ä¿®ç½—,é˜¿ä¿®ç½—
11926,rita,rita
10497,ShelleyLin,ShelleyLin
11081,é­”éƒ½åŠ è²,é­”éƒ½åŠ è²
10886,LINMING,LINMING
10828,Vicky,Vicky
10559,äºŒåä¹,äºŒåä¹
11107,æ—¥ ä»Š,æ—¥ ä»Š
12702,Rae_Xin,Rae_Xin
11175,Effie,Effie
12544,å‘¨å…¬å­çˆ±è‰ºæœ¯,å‘¨å…¬å­çˆ±è‰ºæœ¯
12938,ä¸¾é¢—æ —å­,ä¸¾é¢—æ —å­
11065,shangduan,shangduan
12925,å›å–†,å›å–†
11677,è“è½é»Žæ±Ÿ,è“è½é»Žæ±Ÿ
12897,å¹´ç³•çŒ«çˆªå›,å¹´ç³•çŒ«çˆªå›
10149,å…”å­å…ˆç”Ÿåè„¾æ°”,å…”å­å…ˆç”Ÿåè„¾æ°”
11336,çˆè“å©†å¨‘,çˆè“å©†å¨‘
10946,FREAKJK,FREAKJK
11794,å°å˜Ÿå˜Ÿå˜Ÿå˜Ÿå˜Ÿå˜Ÿ,å°å˜Ÿå˜Ÿå˜Ÿå˜Ÿå˜Ÿå˜Ÿ
12760,NICCE,NICCE
12976,è—ã€‚,è—ã€‚
11448,haosure,haosure
11011,kaya,kaya
13037,æ— æ•Œå¤§å·æ³¡æ³¡é¾™,æ— æ•Œå¤§å·æ³¡æ³¡é¾™
13139,éœ²è¥¿æ˜¯åªä¹–è±¬,éœ²è¥¿æ˜¯åªä¹–è±¬
12123,è¯·å«æˆ‘çŽ›æ ¼ä¸½ç‰¹,è¯·å«æˆ‘çŽ›æ ¼ä¸½ç‰¹
12186,hhy_miaowu,hhy_miaowu
12114,å°æµ·è±š,å°æµ·è±š
12448,äºŒç‹—å­,äºŒç‹—å­
11567,é—²æ•£é’å¹´æŽå¤§èŠ±,é—²æ•£é’å¹´æŽå¤§èŠ±
11541,hazel,hazel
12372,å–µå‘œä¹‹,å–µå‘œä¹‹
12709,ç¦è‡ ,ç¦è‡ 
13178,ä¸‰æ–¤,ä¸‰æ–¤
11087,R.oseâ€,R.oseâ€
10224,cacc,cacc
12608,ä¸Šä¸Šç­¾,ä¸Šä¸Šç­¾
12063,dujuan,dujuan
12169,Chicago,Chicago
11606,ç¿Ÿå°æ‹œ,ç¿Ÿå°æ‹œ
13020,Gerrard,Gerrard
10466,çƒ¦äººç²¾å°ç¾Šç¾Š,çƒ¦äººç²¾å°ç¾Šç¾Š
10212,monica,monica
11679,ç»¾,ç»¾
12068,Carol,Carol
11751,éœ²éœ²,éœ²éœ²
10261,å¾ˆç¾Žå‘³Â°,å¾ˆç¾Žå‘³Â°
10297,YIbao,YIbao
12010,Graceç•™åœ¨äº†27,Graceç•™åœ¨äº†27
13188,å®Œç¾Žå¾®ç‘•,å®Œç¾Žå¾®ç‘•
10565,FALL,FALL
11789,æŽæ‚¦ç„¶,æŽæ‚¦ç„¶
10063,å¹´å°‘æ—¶çš„çŒ›çŠ¸,å¹´å°‘æ—¶çš„çŒ›çŠ¸
12595,äº‘ç”Ÿèš,äº‘ç”Ÿèš
13326,å—å¤§ç«,å—å¤§ç«
10097,(*ï¿£rÇ’ï¿£),(*ï¿£rÇ’ï¿£)
12840,åˆå¤œé…¸å¥¶å›,åˆå¤œé…¸å¥¶å›
11568,buu__y,buu__y
10215,è¥¿ç“œ,è¥¿ç“œ
12971,SaYaKooooo,SaYaKooooo
10420,ç¥¢å•Š-,ç¥¢å•Š-
10101,ä¸‰é²œîŒˆ,ä¸‰é²œîŒˆ
12615,Lizzy,Lizzy
12157,å¤§ç¥ž,å¤§ç¥ž
10914,åä¸‰åŽ¨å¨˜,åä¸‰åŽ¨å¨˜
12053,Suzanne,Suzanne
12461,ä¼˜æ¢¨å°”,ä¼˜æ¢¨å°”
12810,é»ƒæ¯›ä¸«é ­_,é»ƒæ¯›ä¸«é ­_
10851,_zzip,_zzip
12456,è¿ªæ©,è¿ªæ©
12784,ä¸€åªè‚¥å…”å­,ä¸€åªè‚¥å…”å­
10237,æ­»æ´»éƒ½è¦åšç†ŠçŒ«,æ­»æ´»éƒ½è¦åšç†ŠçŒ«
13078,è´¹é©¬,è´¹é©¬
11759,ä¹ƒæ¨±,ä¹ƒæ¨±
11326,å°ç‹¸å¥´,å°ç‹¸å¥´
12513,é’Ÿé€¸ä¼¦Dylan,é’Ÿé€¸ä¼¦Dylan
10997,å¤§å¤§å¤§å¤§å¤§å¤§çº¬,å¤§å¤§å¤§å¤§å¤§å¤§çº¬
12758,elephant tail,elephant tail
12509,Ã¶,Ã¶
10470,ä¸€åªå…”å…”å…”å…”å­,ä¸€åªå…”å…”å…”å…”å­
11790,0å¿†_å¤0,0å¿†_å¤0
12657,ä½™ç²’ç²’,ä½™ç²’ç²’
10427,è¿™ä¸æ˜¯çœŸçš„,è¿™ä¸æ˜¯çœŸçš„
12995,å¦ä¸€,å¦ä¸€
13086,winterwinter,winterwinter
11322,Violet N' Faye,Violet N' Faye
12243,æ™—,æ™—
12989,windflower,windflower
13370,å°æ¦´èŽ²COCO,å°æ¦´èŽ²COCO
12462,çƒ­å¿ƒå¸‚æ°‘é‡‘å…ˆç”Ÿ,çƒ­å¿ƒå¸‚æ°‘é‡‘å…ˆç”Ÿ
11091,ä¸€ä¸€,ä¸€ä¸€
11216,æˆ·ç”°æƒ æ¢¨é¦™,æˆ·ç”°æƒ æ¢¨é¦™
12470,FADED,FADED
11516,æœ‹å‹é¦–æ—¥å°,æœ‹å‹é¦–æ—¥å°
10223,bubbles,bubbles
11707,è èè½¦,è èè½¦
10609,ç¼¸è‹—,ç¼¸è‹—
12412,æ—¶å…‰,æ—¶å…‰
10278,å‡¹å‡¸æ›¼,å‡¹å‡¸æ›¼
10438,å¯¶ç‰¹ç“¶,å¯¶ç‰¹ç“¶
11285,haha,haha
10370,Arita,Arita
12313,14å·çš„Kã€‚,14å·çš„Kã€‚
11429,å°ä¹ŸèŒ,å°ä¹ŸèŒ
11688,freakä¸€æžš,freakä¸€æžš
11236,åº·è¸è¸,åº·è¸è¸
12142,ç™½èœå¤§ä¾ ,ç™½èœå¤§ä¾ 
11878,é˜¿åŸºå¦çš„åŸƒèŽ‰è¯º,é˜¿åŸºå¦çš„åŸƒèŽ‰è¯º
11894,å°ç†Šé¦¨ç´«,å°ç†Šé¦¨ç´«
12251,æ°´ç”«å›,æ°´ç”«å›
12127,Lita Lin,Lita Lin
12493,æœˆ,æœˆ
12499,ä¹ç±³å„¿,ä¹ç±³å„¿
12828,è‹èŠ·é¢œ,è‹èŠ·é¢œ
10418,anova,anova
13257,å’ªå˜Ž,å’ªå˜Ž
10143,å›¾ä¹¦æ±Ÿæ¹–éª—å­,å›¾ä¹¦æ±Ÿæ¹–éª—å­
12568,Venus,Venus
12579,å¾®å‘³å¾®å¾®,å¾®å‘³å¾®å¾®
11807,åŒ—é¼»,åŒ—é¼»
11674,æ½œ,æ½œ
10011,Vå°è°,Vå°è°
10764,ï¼Œ,ï¼Œ
12417,ç™«ã€‚,ç™«ã€‚
11912,æ¬¢å§,æ¬¢å§
11885,è¿˜å¥½,è¿˜å¥½
10022,æ¢“å°é±¼,æ¢“å°é±¼
11546,Charles,Charles
13098,â˜€,â˜€
12277,11261126ss,11261126ss
10615,ROSARIUM,ROSARIUM
12136,ç•ªèŒ„ç‚’é¸¡è›‹,ç•ªèŒ„ç‚’é¸¡è›‹
10993,ç„¶_æŸ¯,ç„¶_æŸ¯
10719,å·´å•¦å•¦å°é­”ä»™,å·´å•¦å•¦å°é­”ä»™
10190,sssssidewalk,sssssidewalk
10144,Echoes,Echoes
11834,è¾¾è¥¿,è¾¾è¥¿
10927,é©´è€³æœµlynn,é©´è€³æœµlynn
10798,é’Ÿé’°ã€,é’Ÿé’°ã€
11755,é’ŸéŸµ,é’ŸéŸµ
12704,çŽ‹ç†¹æ™—,çŽ‹ç†¹æ™—
11459,å¯ä¹ä¹,å¯ä¹ä¹
12298,Yenna,Yenna
12505,wannabe,wannabe
12334,çŸ¥ä¸–,çŸ¥ä¸–
12521,Gloriaå°é«˜å„¿,Gloriaå°é«˜å„¿
12571,æ¯”ä½ å°é€æ˜Ž,æ¯”ä½ å°é€æ˜Ž
11922,é’é¸Ÿ,é’é¸Ÿ
10775,å²©åˆ,å²©åˆ
12004,çŒ«éƒ½æ˜¯æ— çŸ¥å¦‡å­º,çŒ«éƒ½æ˜¯æ— çŸ¥å¦‡å­º
12118,å¾ç•…,å¾ç•…
13051,æ–¹å‰‚æ¶µ,æ–¹å‰‚æ¶µ
12213,å°å°å°å»–å­,å°å°å°å»–å­
12139,å¡ç‰¹,å¡ç‰¹
12190,çŽ©æ€§é‡,çŽ©æ€§é‡
12922,æ£‰èŠ±ç³–,æ£‰èŠ±ç³–
12841,éº¦åŸº,éº¦åŸº
11442,å¯å°å¦,å¯å°å¦
11012,åŒ,åŒ
10972,xiahyun,xiahyun
10059,å°¤ç‰©,å°¤ç‰©
12023,XIN,XIN
10257,Ricky,Ricky
11185,Verabananaa,Verabananaa
10345,everytime,everytime
11483,ä»Šæ™šåƒé¸¡,ä»Šæ™šåƒé¸¡
11950,Cecenxi.,Cecenxi.
11649,Audrey H,Audrey H
11988,è’²å…¬è‹±,è’²å…¬è‹±
11159,æ°“æ°“,æ°“æ°“
12330,æ˜“åNæ¬¡,æ˜“åNæ¬¡
11797,æœˆäº®å§å§,æœˆäº®å§å§
10479,äºŒè€F,äºŒè€F
10893,î”¨,î”¨
10279,ZoyLoo,ZoyLoo
10140,æ§‘æ§‘,æ§‘æ§‘
12255,å²¸è¾¹,å²¸è¾¹
12950,let's å•¾å•¾,let's å•¾å•¾
11228,Chennwn,Chennwn
13278,è¿˜æœ‰lemontree,è¿˜æœ‰lemontree
13304,å‘æš–è€Œç”Ÿçš„æ™´,å‘æš–è€Œç”Ÿçš„æ™´
13307,å®æ°,å®æ°
10073,ä¸æƒ³æ´—å¤´,ä¸æƒ³æ´—å¤´
12783,å…¬å›­,å…¬å›­
10727,2laine,2laine
10235,éª‘é©¬é›å¼¯å„¿,éª‘é©¬é›å¼¯å„¿
11463,åœ†å­,åœ†å­
12658,å‘¨åŒ,å‘¨åŒ
12267,fyfusj,fyfusj
12389,å°è±†ç‚¹,å°è±†ç‚¹
11511,æµ·èžºã€‚,æµ·èžºã€‚
10579,Yet,Yet
12080,Cady.Y,Cady.Y
12112,æ²«æ²«,æ²«æ²«
10121,ä¸€åªé˜¿ä¸æ—ºæ—ºæ—º,ä¸€åªé˜¿ä¸æ—ºæ—ºæ—º
10188,å­˜å¤§äºº,å­˜å¤§äºº
12701,æˆ‘æƒ³èººç€åƒ,æˆ‘æƒ³èººç€åƒ
10405,è„±é™©,è„±é™©
12631,æ¨ä½‘å®çš„çˆ±å¦»,æ¨ä½‘å®çš„çˆ±å¦»
11220,å¤§å…œå…œ,å¤§å…œå…œ
12687,è“,è“
11863,æ‹–å»¶ç—‡æ‚£è€…,æ‹–å»¶ç—‡æ‚£è€…
10699,â”ªå’¬æŽ‰æ‰‹æŒ‡å¤´â”¢,â”ªå’¬æŽ‰æ‰‹æŒ‡å¤´â”¢
11976,HelpfulDemi,HelpfulDemi
10742,å¯çˆ±ç³–å¤šå¤š,å¯çˆ±ç³–å¤šå¤š
11889,å¨ƒå¨ƒ,å¨ƒå¨ƒ
12312,PinePine,PinePine
10753,æˆ‘å¯èƒ½æš´éœ²äº†,æˆ‘å¯èƒ½æš´éœ²äº†
12102,åº•åº•,åº•åº•
10314,lauren,lauren
11774,ff,ff
10847,æ³½zz,æ³½zz
12651,çˆ±æ­»ä»–å¥¹å®ƒäº†,çˆ±æ­»ä»–å¥¹å®ƒäº†
10035,é•¿å®‰,é•¿å®‰
11440,kisstosoo1988,kisstosoo1988
10544,Liena,Liena
11078,æ–¹ç‰‡å…’,æ–¹ç‰‡å…’
11578,é¸¡æ±çš„è€çŽ‹,é¸¡æ±çš„è€çŽ‹
13193,stella,stella
10647,â˜ï¸Žæ»¡æ»¡â˜ï¸Ž,â˜ï¸Žæ»¡æ»¡â˜ï¸Ž
12017,Miss Prissy,Miss Prissy
12374,Bling bling,Bling bling
12443,æ—©ç¡æ—©èµ·ä¸æ‹–é–»,æ—©ç¡æ—©èµ·ä¸æ‹–é–»
12947,yys,yys
12419,Shun Hana,Shun Hana
10931,è‰®è‰®,è‰®è‰®
10649,é™é™æƒ³é™é™,é™é™æƒ³é™é™
13077,_vw_,_vw_
11036,é’å°‘çº³è¨€,é’å°‘çº³è¨€
12259,å¤©é»‘é»‘,å¤©é»‘é»‘
11359,å“‘å·´å¤§å«,å“‘å·´å¤§å«
13308,è¿žåªéª†é©¼éƒ½æ²¡æœ‰,è¿žåªéª†é©¼éƒ½æ²¡æœ‰
12591,22å°ç¬¨,22å°ç¬¨
13122,æ²³é²€ä¹‹å“,æ²³é²€ä¹‹å“
11400,ç‰›ä»”ä¸Žç™½,ç‰›ä»”ä¸Žç™½
11417,å¥”è·‘å§ï¼å°‘å¥³,å¥”è·‘å§ï¼å°‘å¥³
10331,Endless,Endless
13303,å¾µéŸ³,å¾µéŸ³
13388,ç²¾çµ,ç²¾çµ
10778,æŸ å•Šæª¬,æŸ å•Šæª¬
10218,åˆ˜æ¬¢,åˆ˜æ¬¢
10225,å°‘å¹´A,å°‘å¹´A
12865,äº†äº†,äº†äº†
12779,ç­‰é£Žæ¥,ç­‰é£Žæ¥
12382,åå…ƒæˆ‘ç¾Ž,åå…ƒæˆ‘ç¾Ž
11798,Dejavu_vousmev,Dejavu_vousmev
11332,erin,erin
10510,æˆ‘æ˜¯æµ·ç‹®,æˆ‘æ˜¯æµ·ç‹®
12512,å²³æ´‹ã€‚,å²³æ´‹ã€‚
12247,ç”¨æˆ·5769619136,ç”¨æˆ·5769619136
10442,Zosterops,Zosterops
10976,èµ›å°”æ,èµ›å°”æ
12182,è‹ä¸½ç,è‹ä¸½ç
11007,msmargaret,msmargaret
12712,ã€‚sunyæ½˜,ã€‚sunyæ½˜
13033,æ–°å¹´å¥½è¿ç¾Žé€‰æ‰‹,æ–°å¹´å¥½è¿ç¾Žé€‰æ‰‹
11158,ç¢Žç¢Žå¿µ,ç¢Žç¢Žå¿µ
12848,å˜»å˜»å˜»,å˜»å˜»å˜»
10962,VVé…±,VVé…±
10889,æœ¨æ¨¨,æœ¨æ¨¨
11235,å°é›…é¹¿é¸£,å°é›…é¹¿é¸£
10450,ä¸€ç²’æ— èŠ±æžœ,ä¸€ç²’æ— èŠ±æžœ
10555,cherryé‘«,cherryé‘«
11327,æ‹é“èµ«çš„æ©å½©,æ‹é“èµ«çš„æ©å½©
10890,çˆ±ç‰›æ²¹æžœçš„æŸ¯åŸº,çˆ±ç‰›æ²¹æžœçš„æŸ¯åŸº
13358,æ˜µç§°é•¿ä¹Ÿä¸å¯ä»¥,æ˜µç§°é•¿ä¹Ÿä¸å¯ä»¥
13292,å¤©è¾¹é‚£æœµäº‘ï½ž,å¤©è¾¹é‚£æœµäº‘ï½ž
12538,éª„é˜³ä¼¼æˆ‘xcy,éª„é˜³ä¼¼æˆ‘xcy
12977,ä½ æ˜¯Davidå—,ä½ æ˜¯Davidå—
13101,æš–(â€¢-â€¢)æš–,æš–(â€¢-â€¢)æš–
12020,rebaccaä¸æ˜¯çŒ«,rebaccaä¸æ˜¯çŒ«
13290,å¼€å¿ƒå°ç±³,å¼€å¿ƒå°ç±³
10587,ç§å¥”æœˆçƒ,ç§å¥”æœˆçƒ
12316,ä¸€åªéœ²ç ,ä¸€åªéœ²ç 
12919,æ‰“æ­»éƒ½ä¸è¯´,æ‰“æ­»éƒ½ä¸è¯´
11737,Leslie Zhao,Leslie Zhao
11704,Q-tip,Q-tip
12180,æœ«æ¢¢ç¥žç»æ²¡åæ­»,æœ«æ¢¢ç¥žç»æ²¡åæ­»
10089,ç§ä¸€ä¸ªé¾™çŒ«å‡ºæ¥,ç§ä¸€ä¸ªé¾™çŒ«å‡ºæ¥
10313,è€ä¹,è€ä¹
10429,Serena,Serena
11824,èŒ¹åˆè¦‹,èŒ¹åˆè¦‹
10488,blue-snow,blue-snow
12576,è£Ÿæ¤¤,è£Ÿæ¤¤
12985,æˆ‘æ¸´ä½†æˆ‘ä¸å–æ°´,æˆ‘æ¸´ä½†æˆ‘ä¸å–æ°´
10508,Lana,Lana
10379,ç¥žæ¸¸å°‘å¹´,ç¥žæ¸¸å°‘å¹´
11013,Yã€‚,Yã€‚
11955,åªè¦é’èœä¸è¦ç²¥,åªè¦é’èœä¸è¦ç²¥
12294,N,N
11391,é‡è§Lynn,é‡è§Lynn
12860,doris,doris
12782,ç›²ç›²,ç›²ç›²
12649,äºŒé’,äºŒé’
13145,ç¥žç§˜äºº,ç¥žç§˜äºº
12837,æ€æ€ï½žï½ž,æ€æ€ï½žï½ž
10701,æ²å±±,æ²å±±
10388,æ²ˆé˜³è€è‹žç±³,æ²ˆé˜³è€è‹žç±³
13180,ganganzheng,ganganzheng
12260,æ²¡äººåœ¨å›žå¿†é‡Œç­‰,æ²¡äººåœ¨å›žå¿†é‡Œç­‰
12133,å¯Œè´µä¸“ç”¨é“²å±Žå®˜,å¯Œè´µä¸“ç”¨é“²å±Žå®˜
10721,IrisPan,IrisPan
11607,ç²¾ç¥žåˆ†è£‚ç—‡æ‚£è€…,ç²¾ç¥žåˆ†è£‚ç—‡æ‚£è€…
10570,Nancy,Nancy
10260,æ–¹èœèœèœ,æ–¹èœèœèœ
11574,ç§¦å¤§å¤§,ç§¦å¤§å¤§
10451,è–è‹¡,è–è‹¡
11931,pizzastan,pizzastan
10147,è¥¿æ–¯å°”åˆ†è£‚äº†,è¥¿æ–¯å°”åˆ†è£‚äº†
11200,é†‰ç‘¶,é†‰ç‘¶
11233,åˆ˜çƒ§çƒ§-,åˆ˜çƒ§çƒ§-
11095,ä¿æŒè¿œè·ç¦»,ä¿æŒè¿œè·ç¦»
11431,ä¸¢ä¸¢å°å§,ä¸¢ä¸¢å°å§
13128,å¡å¡å°±é…±,å¡å¡å°±é…±
12575,ç™½é”¦å ‚,ç™½é”¦å ‚
11808,ä¸€è·¯å‘åŒ—,ä¸€è·¯å‘åŒ—
10391,Julia,Julia
12496,faye,faye
11775,å·´é»Žå°è£ç¼â•®,å·´é»Žå°è£ç¼â•®
12322,XIIIæ´¾æˆ‘æ¥è§†å¥¸,XIIIæ´¾æˆ‘æ¥è§†å¥¸
13347,éœœæœˆ,éœœæœˆ
11752,å°£çª³å­“,å°£çª³å­“
11456,åæœˆä¸‰ä¸‡æ™“æ—­,åæœˆä¸‰ä¸‡æ™“æ—­
10433,æ¡ƒå±±,æ¡ƒå±±
11031,ELEVEN_,ELEVEN_
12917,æ˜¯äºŒåƒå‘€,æ˜¯äºŒåƒå‘€
11435,ä¸æ­,ä¸æ­
10026,å¤§æ­¥å‘å‰èµ°å•Š,å¤§æ­¥å‘å‰èµ°å•Š
11090,èµµæ™šé¤é¤é¤é¤é¤,èµµæ™šé¤é¤é¤é¤é¤
12052,57264,57264
12745,é‡‘å…ƒå®,é‡‘å…ƒå®
12778,CJã€‚æ¡ƒå­å°å¦ž,CJã€‚æ¡ƒå­å°å¦ž
11702,é‚£ä¸ªçž¬,é‚£ä¸ªçž¬
13313,sky,sky
12464,bubble,bubble
12043,aaa,aaa
13275,èƒ¡ä¸èƒ¡,èƒ¡ä¸èƒ¡
13338,äºŒçªçª,äºŒçªçª
11223,716,716
10468,çŸ³æ¦´çŸ³æ¦´,çŸ³æ¦´çŸ³æ¦´
10033,kuuu,kuuu
12705,Chloeé­xx,Chloeé­xx
10594,åˆæ™´æ— å°˜,åˆæ™´æ— å°˜
12767,æ’…å˜´äº²ä½ ,æ’…å˜´äº²ä½ 
10280,éº¦,éº¦
11366,å¤å¤©çš„ç§æœæ—¥è®°,å¤å¤©çš„ç§æœæ—¥è®°
11743,ä¸ºäº†è®©ç”Ÿæ´»ç»§ç»­,ä¸ºäº†è®©ç”Ÿæ´»ç»§ç»­
11315,mioï½ž,mioï½ž
10348,John Wilson ç« ,John Wilson ç« 
11473,å“ˆå“ˆå“ˆå—,å“ˆå“ˆå“ˆå—
12803,Lyn,Lyn
11060,é™¤ä½ å·¦ç±,é™¤ä½ å·¦ç±
12862,å¼€å¿ƒçš„æ¥ æ¥ ,å¼€å¿ƒçš„æ¥ æ¥ 
12155,isabel,isabel
12446,å°èŠ±,å°èŠ±
12796,é±¼ä¹¦æ˜Ž,é±¼ä¹¦æ˜Ž
11395,åç¦¾,åç¦¾
13273,Doris,Doris
10648,é›‡å‘˜é£Žé›¨åŽ,é›‡å‘˜é£Žé›¨åŽ
10207,å½°å“å°”,å½°å“å°”
12156,coffee,coffee
12953,é—·é—·å¤´è¦åŽ»æµæµª,é—·é—·å¤´è¦åŽ»æµæµª
13057,Lã€‚,Lã€‚
11403,muaå°å¦ž,muaå°å¦ž
12520,é™†ä¸€,é™†ä¸€
11525,ç¿•èŒœå…®ç†™,ç¿•èŒœå…®ç†™
11301,ç‹ç‹¸,ç‹ç‹¸
11268,Susie,Susie
11277,éœ‚ä¹…ä¹…,éœ‚ä¹…ä¹…
10079,å¤§å¤´é±¼,å¤§å¤´é±¼
12453,JaniceZN,JaniceZN
11169,ç­–å®,ç­–å®
12675,åºŸè¯è¶…å¤š,åºŸè¯è¶…å¤š
11024,è·‘,è·‘
11240,æž—ç™½,æž—ç™½
10282,Maybehewill,Maybehewill
11933,åƒå¶,åƒå¶
11333,å’¦ï¼Œä½ åƒç³–ä¸,å’¦ï¼Œä½ åƒç³–ä¸
11937,å‘¼å˜¯å°‘å¥³zz,å‘¼å˜¯å°‘å¥³zz
12867,å‘œå‘¼,å‘œå‘¼
12833,å°èŸ æ¡ƒ,å°èŸ æ¡ƒ
10393,Kornblume,Kornblume
13386,äººé€ å«æ˜Ÿæƒ…äºº,äººé€ å«æ˜Ÿæƒ…äºº
10397,çªœé€ƒ,çªœé€ƒ
12410,-Quella,-Quella
10426,ç¦»ä¹±,ç¦»ä¹±
12179,Lady clouds,Lady clouds
11971,Leemoo,Leemoo
11524,ä½ åœ¨æˆ‘å°±åœ¨,ä½ åœ¨æˆ‘å°±åœ¨
10273,Sunny_~Lalala~,Sunny_~Lalala~
12809,å°æ¾è¾¾è¾¾,å°æ¾è¾¾è¾¾
12122,Alice49,Alice49
10478,æˆ‘è¦å˜ç˜¦å­,æˆ‘è¦å˜ç˜¦å­
11412,24ge,24ge
13399,Dora,Dora
11522,åçœ‹é£Žæ½®èµ·,åçœ‹é£Žæ½®èµ·
13027,ç¬‘æ˜¯æœ¬èƒ½yy,ç¬‘æ˜¯æœ¬èƒ½yy
11862,å¦™å°çµ,å¦™å°çµ
12292,é€ƒç¦»çºµç«çŠ¯,é€ƒç¦»çºµç«çŠ¯
12899,å¿ƒé“,å¿ƒé“
11848,ä¸€ä¸ªè‡ªæ‹ç‹‚,ä¸€ä¸ªè‡ªæ‹ç‹‚
10119,æ‘¸æ‘¸,æ‘¸æ‘¸
13265,Nellynini,Nellynini
10726,æŠ¹èŒ¶å£å‘³å‘³,æŠ¹èŒ¶å£å‘³å‘³
11576,å¯‚é™,å¯‚é™
10758,neijad,neijad
12258,ä½ çš„å¤©ä½¿,ä½ çš„å¤©ä½¿
11445,å†·é¢é€‰æ‰‹,å†·é¢é€‰æ‰‹
11786,é˜¿è¿œ,é˜¿è¿œ
12476,Lana Del Rey,Lana Del Rey
12545,ä¸´æ—¶èµ·æ„,ä¸´æ—¶èµ·æ„
10659,å¡å†œ,å¡å†œ
11556,BAdbad,BAdbad
12101,å¿æœ¬éžé±¼,å¿æœ¬éžé±¼
10777,å—å›½,å—å›½
10385,å•Šä¸¢,å•Šä¸¢
12444,é™†å°é³‚,é™†å°é³‚
12723,æ²ˆæ€¡å›,æ²ˆæ€¡å›
10311,greenfeel,greenfeel
11104,Suxxx_,Suxxx_
12333,ç—‚è“,ç—‚è“
10813,Deee,Deee
13239,I,I
11733,Ani mal,Ani mal
13259,å–µå‘œæ±ªå‘œçˆ±åƒè‚‰,å–µå‘œæ±ªå‘œçˆ±åƒè‚‰
12409,î”ã€‚,î”ã€‚
13059,è±†,è±†
10792,Xxx_çˆ±è°è°,Xxx_çˆ±è°è°
12880,è‹å¶SuyeðŸƒ,è‹å¶SuyeðŸƒ
12959,YiMu,YiMu
11843,99_yanyang,99_yanyang
12385,åˆ˜åˆ˜åˆ˜,åˆ˜åˆ˜åˆ˜
12542,èƒ–å¤§æµ·åœ¨æ¼‚æµ®,èƒ–å¤§æµ·åœ¨æ¼‚æµ®
12635,HANAKIRI,HANAKIRI
10396,é‚£åªçŒ«ã€‚,é‚£åªçŒ«ã€‚
11478,B lue,B lue
10754,187,187
12089,ä¸€åªæ¤°å­liuå¥¶,ä¸€åªæ¤°å­liuå¥¶
10480,èŽ‰èŽ‰å‡¯,èŽ‰èŽ‰å‡¯
11587,LUFFyðŸŒª,LUFFyðŸŒª
11137,ç’ç’ç’,ç’ç’ç’
11330,æ¸ºèŒ«,æ¸ºèŒ«
10444,æ ‘æ‡’,æ ‘æ‡’
11088,ä½•é£žé£ž,ä½•é£žé£ž
12785,DvickyC,DvickyC
11299,ç®€,ç®€
12478,é‡Žç”ŸæèŽ«é…±,é‡Žç”ŸæèŽ«é…±
13400,wornpetal@1,wornpetal@1
10684,IGGY,IGGY
10654,æ¾çŸ³ç»¿,æ¾çŸ³ç»¿
10227,é£Ÿç›¼,é£Ÿç›¼
10473,é±¼å¡,é±¼å¡
11865,é’èŒ,é’èŒ
11116,hunteråœ¨å¹»ä½œå¡”,hunteråœ¨å¹»ä½œå¡”
12629,jessie,jessie
10518,é«˜ç¿ æ–‡,é«˜ç¿ æ–‡
10898,ç”°ç”°å°±ä¸ç”œã€‚,ç”°ç”°å°±ä¸ç”œã€‚
10524,Couvirr,Couvirr
12433,leoleo,leoleo
11348,å–œå¸–è¡—,å–œå¸–è¡—
12383,ã€‚ã€‚ã€‚,ã€‚ã€‚ã€‚
12152,ç§‹å°ç»¢,ç§‹å°ç»¢
10805,å°±ä¸å‘Šè¯‰ä½ å•Š,å°±ä¸å‘Šè¯‰ä½ å•Š
10745,å¤–æ˜ŸMOLLYã€‚,å¤–æ˜ŸMOLLYã€‚
11481,88å††,88å††
10509,AHA,AHA
13106,yuki,yuki
10015,å“ˆé²å¡,å“ˆé²å¡
10124,ä½ çš„æ©˜å­,ä½ çš„æ©˜å­
10095,Stella,Stella
10757,å› ä¸ºæˆ‘æ²¡æœ‰å‡ºå®¶,å› ä¸ºæˆ‘æ²¡æœ‰å‡ºå®¶
11357,å®ˆå¤œäººæ±Ÿå®ä¸ž,å®ˆå¤œäººæ±Ÿå®ä¸ž
11910,Nikoçš„å’¸é±¼è®°äº‹,Nikoçš„å’¸é±¼è®°äº‹
12648,LAOSESE,LAOSESE
10829,å°æ¥ ,å°æ¥ 
13354,æ¨æœ¨æ˜“,æ¨æœ¨æ˜“
13397,ç¾Žç¾Žå¾,ç¾Žç¾Žå¾
11103,ann,ann
10243,æ¨¹ä¸ƒ,æ¨¹ä¸ƒ
12018,ç»¿æ°´æ€ª,ç»¿æ°´æ€ª
12366,moons,moons
10293,é±¼ä¹ç«™,é±¼ä¹ç«™
10578,Irisã€‚,Irisã€‚
11977,å°±é‚£æºœæºœçš„è¶Šäºº,å°±é‚£æºœæºœçš„è¶Šäºº
10613,Diyu,Diyu
11142,joç²’ç²’ âœ¨,joç²’ç²’ âœ¨
10567,vega,vega
11855,æ–‡ç”¯æ´µ,æ–‡ç”¯æ´µ
13210,å°çº½æ‰£,å°çº½æ‰£
10948,å˜Ÿå¡”å¡”,å˜Ÿå¡”å¡”
10435,æ–‘é©¬å…ˆç”Ÿ,æ–‘é©¬å…ˆç”Ÿ
10693,é‡‘é’°å”¯,é‡‘é’°å”¯
10676,ç‹¸,ç‹¸
10263,å°å…”ä¸åƒè‘±,å°å…”ä¸åƒè‘±
11318,å¸Œæœ›æœ‰ä¸€å¤©,å¸Œæœ›æœ‰ä¸€å¤©
13088,Little Mermaid,Little Mermaid
11424,é½å®‰å°ç‰›,é½å®‰å°ç‰›
10322,èŠ¥æœ«å·§å…‹åŠ›,èŠ¥æœ«å·§å…‹åŠ›
12403,å²æœˆå®‰å¥½,å²æœˆå®‰å¥½
12271,ç²¥ç²¥,ç²¥ç²¥
10982,æ¡¶æ¡¶æŽâˆµ,æ¡¶æ¡¶æŽâˆµ
11888,å–œæ¬¢å¤œçš„é˜¿ç¦»,å–œæ¬¢å¤œçš„é˜¿ç¦»
10448,Summer,Summer
12565,æ˜•å°å–œä¹,æ˜•å°å–œä¹
10531,ç†æŸ¥,ç†æŸ¥
11083,éžäºš,éžäºš
12471,æ™“è¼,æ™“è¼
11358,Ring,Ring
12541,æ—§,æ—§
13310,Ivy__Ou,Ivy__Ou
10808,smilefishhz,smilefishhz
10299,min,min
10457,Crystal,Crystal
13171,533,533
11619,tuozai,tuozai
13285,è‘£æ¯³,è‘£æ¯³
13007,å¹´å¹´,å¹´å¹´
10925,CeciliaðŸŒµ,CeciliaðŸŒµ
12397,å¶çš–,å¶çš–
11269,ä¹‹å¿ƒ,ä¹‹å¿ƒ
10651,Minibeanè±†è±†,Minibeanè±†è±†
11594,é™é™Stella,é™é™Stella
12798,è¡¨å¦¹åå…«,è¡¨å¦¹åå…«
13061,ç¿å¾—,ç¿å¾—
12354,èŒ¶å¶,èŒ¶å¶
11994,è¯¶,è¯¶
10173,æ²‰é»˜çš„èœå¤´ç¾Šã€‚,æ²‰é»˜çš„èœå¤´ç¾Šã€‚
12844,ç™½å°”çŽ‰,ç™½å°”çŽ‰
12342,æŽHaru,æŽHaru
11782,Anny1Gu,Anny1Gu
12494,crystal3060,crystal3060
11756,é™³åŒå­¸,é™³åŒå­¸
13359,ambersong,ambersong
11253,Cynthia,Cynthia
12585,ä¸è®¤è¯†ä½ æ˜¯ç¢Ž,ä¸è®¤è¯†ä½ æ˜¯ç¢Ž
12278,7531689,7531689
10462,æœ‰é¹¿yolo,æœ‰é¹¿yolo
12435,ç§‹ç§‹,ç§‹ç§‹
13131,phoenix,phoenix
11179,å›½çŽ‹ä¸èƒ½è¿›,å›½çŽ‹ä¸èƒ½è¿›
11096,qisimute,qisimute
11239,KIMI,KIMI
10646,é™ˆæ©å½¤,é™ˆæ©å½¤
10083,ä¸«å¤´çš„å‡è„‚ç”Ÿæ´»,ä¸«å¤´çš„å‡è„‚ç”Ÿæ´»
10917,æ±Ÿæˆ·,æ±Ÿæˆ·
12839,æŽå®¶å¤§å°å§Charm,æŽå®¶å¤§å°å§Charm
12201,Sweet,Sweet
11534,crispyhuan,crispyhuan
10216,éœ„å°,éœ„å°
13225,odd_to,odd_to
10755,ä¸œæ¾œ,ä¸œæ¾œ
12214,å’–å–±ç»™ç»™,å’–å–±ç»™ç»™
11868,å¾è·¯æ¼«æ¼«,å¾è·¯æ¼«æ¼«
10179,ã‚µã£ã¡ã‚ƒã‚“,ã‚µã£ã¡ã‚ƒã‚“
11502,é¦¬é¹¿ã˜ã‚ƒã‚“,é¦¬é¹¿ã˜ã‚ƒã‚“
13160,èƒ–å¤§ç†Šc,èƒ–å¤§ç†Šc
12130,ç½—00,ç½—00
11547,æ— åŒ,æ— åŒ
10850,è°è¯´æˆ‘è„‘é—¨å¤§,è°è¯´æˆ‘è„‘é—¨å¤§
10785,é¬¼æ¨±,é¬¼æ¨±
11120,é˜¿é¾™,é˜¿é¾™
12744,æ³¥èŒçš„å°å¯çˆ±,æ³¥èŒçš„å°å¯çˆ±
13331,é…¸è±†è§’,é…¸è±†è§’
12163,åˆºçŒ¬çˆ±ä¸å ¡,åˆºçŒ¬çˆ±ä¸å ¡
13047,è±†èŠ±å¨˜äº²,è±†èŠ±å¨˜äº²
10123,é»‘çŒ«åˆ«æ ¼èŽ«ç‰¹,é»‘çŒ«åˆ«æ ¼èŽ«ç‰¹
10920,NERO,NERO
13048,éšå°å–œ,éšå°å–œ
11904,Su.,Su.
12895,M!,M!
11184,åŒ…æœ‰é’±å¥³å£«,åŒ…æœ‰é’±å¥³å£«
12998,å†°ç³–ç”œæ°´,å†°ç³–ç”œæ°´
12309,Baby Rosebud,Baby Rosebud
11548,å¡žè¥¿èŽ‰èŽ‰,å¡žè¥¿èŽ‰èŽ‰
12340,carol_lulu,carol_lulu
10502,é»„é»„çš„äºŒä¸‰äº‹,é»„é»„çš„äºŒä¸‰äº‹
10689,Kumulama,Kumulama
11842,æ´»è¿‡åˆå¦‚ä½•,æ´»è¿‡åˆå¦‚ä½•
12481,å°åŒåŒçš„å¤§å“¥,å°åŒåŒçš„å¤§å“¥
12827,å¥ˆä¹,å¥ˆä¹
12391,liné˜¿å¤š,liné˜¿å¤š
11382,laughing,laughing
12691,é“æ‰‡å…¬ä¸»,é“æ‰‡å…¬ä¸»
11895,å¥¥ç‰¹æ›¼,å¥¥ç‰¹æ›¼
11030,åº„åº„,åº„åº„
10858,æœ¨å­,æœ¨å­
10020,å•Šç“œæ˜¯ä¸ªå¥½å°‘å¹´,å•Šç“œæ˜¯ä¸ªå¥½å°‘å¹´
10315,Hnysqur,Hnysqur
12525,å¦‚æ„,å¦‚æ„
10150,å››æœˆä¸€æ—¥å›å¯»,å››æœˆä¸€æ—¥å›å¯»
12362,éžéžéžFish_,éžéžéžFish_
10122,emmmç¡ä¸ç€,emmmç¡ä¸ç€
12077,lemonðŸ‹,lemonðŸ‹
11760,Ashine,Ashine
10981,èŠ±ç—´å°é¢,èŠ±ç—´å°é¢
12614,å¥½åƒçš„ç•ªèŒ„,å¥½åƒçš„ç•ªèŒ„
12716,king,king
13068,çº¢æž£æž¸æžå­,çº¢æž£æž¸æžå­
10316,kulona,kulona
11430,èŒ‰å„¿,èŒ‰å„¿
13392,douban2012,douban2012
11075,å­¦å±Œä¸€æ¢…ï¼Ÿï¼ï¼,å­¦å±Œä¸€æ¢…ï¼Ÿï¼ï¼
11068,evenkey,evenkey
12753,sssssæ‰­æ,sssssæ‰­æ
12885,è–‡è–‡å®‰,è–‡è–‡å®‰
10187,SweeTie,SweeTie
11234,junjunayi,junjunayi
10024,NAMA,NAMA
12416,è èœ,è èœ
11713,è“è‰²å…‰å¹´,è“è‰²å…‰å¹´
13127,è“é¢œé•œ,è“é¢œé•œ
12457,æ··ä¸–é­”çŽ‹,æ··ä¸–é­”çŽ‹
12532,Water_Yu,Water_Yu
11659,è‰¾ä¸å¸ƒé¹¿,è‰¾ä¸å¸ƒé¹¿
12215,ç¿›åº¦,ç¿›åº¦
12058,kodaline,kodaline
13356,æ´»å‡ºæ•¢æ€§s,æ´»å‡ºæ•¢æ€§s
13120,æˆ‘æ˜¯é›¾ç¯å‘€,æˆ‘æ˜¯é›¾ç¯å‘€
10376,å¼å¾®,å¼å¾®
11313,å‘¨å…ˆå…ˆ,å‘¨å…ˆå…ˆ
10844,xoxonastygal,xoxonastygal
10455,æ›‰yuyuyuu,æ›‰yuyuyuu
13211,ä½ æ˜¯æˆ‘çš„ä¹ä¸Žæ€’,ä½ æ˜¯æˆ‘çš„ä¹ä¸Žæ€’
11335,é’åŸŽ,é’åŸŽ
11092,fatmonkeyd_,fatmonkeyd_
12652,å°ç†ŠçŒ«,å°ç†ŠçŒ«
10086,æ‚èŠœ-,æ‚èŠœ-
12323,Let her go,Let her go
11287,é€†å…‰,é€†å…‰
10493,æ£äºˆ,æ£äºˆ
12935,å£èŠ±å°‘å¥³July,å£èŠ±å°‘å¥³July
10787,å¤§è±¡,å¤§è±¡
12878,libraso_,libraso_
10706,çŽ‰è´è¶,çŽ‰è´è¶
13311,å§‘å¨˜å‘€,å§‘å¨˜å‘€
10756,æ± æ…¢æ…¢,æ± æ…¢æ…¢
11710,èŽ«å¦®å¡,èŽ«å¦®å¡
11393,Mmz,Mmz
11970,æˆ‘æƒ³å˜æˆä¸€æŸå…‰,æˆ‘æƒ³å˜æˆä¸€æŸå…‰
12239,shizhang,shizhang
11283,xiaolili,xiaolili
10436,é™ˆè¿¹,é™ˆè¿¹
10411,å£®å£®çš„è‚‰å¤šå¤šå‘€,å£®å£®çš„è‚‰å¤šå¤šå‘€
10228,chiian,chiian
13345,annamoss,annamoss
11106,phantom0328,phantom0328
11959,è›‹ç³•å·,è›‹ç³•å·
10146,PaunchyMe,PaunchyMe
10564,è‹¥ä¸æ˜¯,è‹¥ä¸æ˜¯
12962,å…«è…Šåº™è¡—çš„å°å­©,å…«è…Šåº™è¡—çš„å°å­©
12684,Dleth T,Dleth T
12301,å‹¿å€’è´´,å‹¿å€’è´´
12159,æ–°å°æ˜Žvamos_,æ–°å°æ˜Žvamos_
12845,å¥”å®,å¥”å®
12554,JFä¸‡çœº,JFä¸‡çœº
10740,FÃ©e,FÃ©e
11314,åˆ«åŠ¨æˆ‘çš„çŒ«,åˆ«åŠ¨æˆ‘çš„çŒ«
12007,å¿«ä¹ç”Ÿæ´»,å¿«ä¹ç”Ÿæ´»
10980,Sakura Momoko,Sakura Momoko
12665,ä¸äºŒã€‚,ä¸äºŒã€‚
12244,ðŸ’‹æ¨æ¨,ðŸ’‹æ¨æ¨
11162,è”¡è”¡è”¡aiå¤§å±Ž,è”¡è”¡è”¡aiå¤§å±Ž
12438,None,None
13083,é“èƒƒ,é“èƒƒ
13067,ç™½ä¹Œé¾Ÿ,ç™½ä¹Œé¾Ÿ
13108,æœºæ™ºçš„ç”œèŒ¶,æœºæ™ºçš„ç”œèŒ¶
13202,æµ·å°ç±³,æµ·å°ç±³
12727,ç±³çº³ç±³,ç±³çº³ç±³
10705,msching,msching
10789,æˆ‘ä¹Ÿä¸çŸ¥é“å«å•¥,æˆ‘ä¹Ÿä¸çŸ¥é“å«å•¥
10954,å¦‚è‹¥é±¼æ¬¢æ¢¦ç¿¡æ˜Ž,å¦‚è‹¥é±¼æ¬¢æ¢¦ç¿¡æ˜Ž
11074,æ±¤åŒ…å°å§,æ±¤åŒ…å°å§
10763,mrscolin,mrscolin
10351,å˜»å˜»å˜»å˜»,å˜»å˜»å˜»å˜»
10483,ç†™å°”,ç†™å°”
12613,elaine,elaine
12524,ç»¿å­,ç»¿å­
10987,å¤§ä½•ä½•,å¤§ä½•ä½•
11887,é˜¿å®£çš„ç¾Žå¥½ç”Ÿæ´»,é˜¿å®£çš„ç¾Žå¥½ç”Ÿæ´»
11749,ä¸€ç“¶æ±½æ°´,ä¸€ç“¶æ±½æ°´
12299,å«å’’è¯­æ‹‰,å«å’’è¯­æ‹‰
13339,æ¡ƒèŠ±ä»™äººç§æ¡ƒæ ‘,æ¡ƒèŠ±ä»™äººç§æ¡ƒæ ‘
12091,winnnggg,winnnggg
10158,èŒ¶èŽ‰,èŒ¶èŽ‰
10802,å¾¡æ™¯å¦–vivian,å¾¡æ™¯å¦–vivian
12818,Big ya,Big ya
11190,å¤§è„¸æ€ª,å¤§è„¸æ€ª
10153,å®‰å“¥æ‹‰åœ¨å¯»æ‰¾,å®‰å“¥æ‹‰åœ¨å¯»æ‰¾
12681,å°å°,å°å°
10337,å±±å…”å­,å±±å…”å­
13038,åŒå–œ,åŒå–œ
10806,å’–å•¡ä¸¤æ¯,å’–å•¡ä¸¤æ¯
11227,Alyse,Alyse
11099,é‡Žç”Ÿç½—å®¾,é‡Žç”Ÿç½—å®¾
11783,?_?,?_?
13117,ç›–ä¸æ°æ°å¥½,ç›–ä¸æ°æ°å¥½
11869,Zmnaaaaaa,Zmnaaaaaa
12589,é™ˆå¦¤å¥½,é™ˆå¦¤å¥½
13058,å“¼å“ˆå‘µå‘¼â¤ï¸,å“¼å“ˆå‘µå‘¼â¤ï¸
12514,å¾·å·žå°å†œæ°‘,å¾·å·žå°å†œæ°‘
12759,å®å½“,å®å½“
11247,Charis,Charis
12445,å—å±±å±±è‰,å—å±±å±±è‰
11163,NaNaçˆ±å¥½è€…,NaNaçˆ±å¥½è€…
10700,å°é›¨lyf,å°é›¨lyf
11102,æ™æ°¸,æ™æ°¸
10748,IAmJuly,IAmJuly
10463,ä¸€åªå°å’©å’©,ä¸€åªå°å’©å’©
11205,pbeauty,pbeauty
11573,å¼ XX,å¼ XX
13183,é…¸èœå°ç»µç¾Š,é…¸èœå°ç»µç¾Š
12593,HELLO,HELLO
13135,ä½ æ³¡ä¸åˆ°çš„å¦¹,ä½ æ³¡ä¸åˆ°çš„å¦¹
12358,éªå·…è§éƒŽ1314,éªå·…è§éƒŽ1314
10823,å°æ–°ç–†,å°æ–°ç–†
12739,Treacherous,Treacherous
13231,å®½å¸¦æ„é¢,å®½å¸¦æ„é¢
12732,çŒ«é…±,çŒ«é…±
13305,æ˜¯åœ¨ä¸‹è¾“äº†,æ˜¯åœ¨ä¸‹è¾“äº†
11284,å¤è™«,å¤è™«
10219,æ¢äºŒå‘,æ¢äºŒå‘
10355,Catherine,Catherine
10910,ç¼çŸ¥åŸŽ,ç¼çŸ¥åŸŽ
10162,ä¸ƒå²›é…±å–,ä¸ƒå²›é…±å–
12188,catherinexu,catherinexu
11597,slep,slep
12529,Cassie,Cassie
10186,å‘†ç“œ,å‘†ç“œ
12875,ChMeiie,ChMeiie
10743,å››å°å§,å››å°å§
10709,æž•å°è·¯,æž•å°è·¯
12441,ç¾Šã€‚,ç¾Šã€‚
10669,Sean,Sean
11916,å¾è²·æ¨‚,å¾è²·æ¨‚
11559,è¦å‘½äº†å°å°¾å·´,è¦å‘½äº†å°å°¾å·´
11194,æŽæ¸…å’Œ,æŽæ¸…å’Œ
11526,å…¨è„‚å°‘å¥³çŽ‹,å…¨è„‚å°‘å¥³çŽ‹
12293,æ¹–å¤§å´å½¦ç¥–,æ¹–å¤§å´å½¦ç¥–
12724,piggyxx,piggyxx
11053,å…°å…°,å…°å…°
12666,ç¾Šå°å’©,ç¾Šå°å’©
12955,å—æ¸Š,å—æ¸Š
11258,æŠ½,æŠ½
13336,æ˜Žæœˆ,æ˜Žæœˆ
10628,é•¿è‚‰å…ˆè¿›æˆ·,é•¿è‚‰å…ˆè¿›æˆ·
11208,é˜¿é˜¿é™ˆ,é˜¿é˜¿é™ˆ
12282,æ­¥å±¥ä¸åœ,æ­¥å±¥ä¸åœ
12892,äº‘ä¸­æ­Œ2008,äº‘ä¸­æ­Œ2008
11983,åŒ…ä¸€ä¸€çˆ±åƒé±¼,åŒ…ä¸€ä¸€çˆ±åƒé±¼
12144,å°å¥¹å“¥,å°å¥¹å“¥
13172,æ ‡é…æ·‘å¥³D,æ ‡é…æ·‘å¥³D
13136,Hallelujah,Hallelujah
11879,Jiaying_OPV,Jiaying_OPV
10892,zero three,zero three
11144,candy,candy
13312,lulannnnn,lulannnnn
11475,è¿˜åœ¨æ¢¦ç€çš„å°‘å¥³,è¿˜åœ¨æ¢¦ç€çš„å°‘å¥³
12548,NIKI,NIKI
12772,æ½¼ä»‹å‡‰å·,æ½¼ä»‹å‡‰å·
11381,LxyðŸ»,LxyðŸ»
10630,ä¸å·æ‡’çš„å¥³é’å¹´,ä¸å·æ‡’çš„å¥³é’å¹´
10942,gfg,gfg
13205,å­Ÿå¤,å­Ÿå¤
12582,ç°ç¾½è±†è±†,ç°ç¾½è±†è±†
10535,åƒåŒ…å­çš„é¦’å¤´,åƒåŒ…å­çš„é¦’å¤´
11062,æœˆå…‰å¦‚å¢¨,æœˆå…‰å¦‚å¢¨
10164,èœ»èœ“é˜Ÿé•¿,èœ»èœ“é˜Ÿé•¿
13113,é£˜æ¥é£˜åŽ»ä¸ç€è°ƒ,é£˜æ¥é£˜åŽ»ä¸ç€è°ƒ
11565,é˜¿ç³•,é˜¿ç³•
10128,ç–é›¢.,ç–é›¢.
11501,èŒœå°å§,èŒœå°å§
10772,veraçš„è¥¿é—¨å›¾,veraçš„è¥¿é—¨å›¾
12014,è‚–ç”³å…‹çš„èˆ…å”,è‚–ç”³å…‹çš„èˆ…å”
11124,å¤§è„‘,å¤§è„‘
10737,å¬‰åå››,å¬‰åå››
12642,æœè‹¥,æœè‹¥
13090,é«˜å†·å¸ä»¤,é«˜å†·å¸ä»¤
12022,farewell,farewell
13116,-DARKtemptation,-DARKtemptation
12321,é˜¿ä¹,é˜¿ä¹
13143,æ€ªç›—åŸºå¾·çš„çŒ«,æ€ªç›—åŸºå¾·çš„çŒ«
10933,Cheean,Cheean
10471,ç”œè€¶,ç”œè€¶
11181,ãƒ¢ãƒ¢,ãƒ¢ãƒ¢
12233,è‘£å’šå’š,è‘£å’šå’š
10904,åæœˆæœ«,åæœˆæœ«
12331,Clytie,Clytie
12890,ç¾Žå°‘å¥³æˆ˜å£«,ç¾Žå°‘å¥³æˆ˜å£«
10992,ADS,ADS
11804,å…«åå²ä¹Ÿè¦å°‘å¥³,å…«åå²ä¹Ÿè¦å°‘å¥³
10547,ä¸‰åä¸ƒåˆ†ä¹‹ä¸€,ä¸‰åä¸ƒåˆ†ä¹‹ä¸€
10380,jingying,jingying
11085,ç±½æ¢¨,ç±½æ¢¨
12518,é»„å“¥å„¿_,é»„å“¥å„¿_
10303,æ¬¡æ¬¡,æ¬¡æ¬¡
12305,å›¡å›¡,å›¡å›¡
12217,çŽ‹æ™“è‡£,çŽ‹æ™“è‡£
11292,æ˜¯å©·å©·å•Š,æ˜¯å©·å©·å•Š
11921,å°é±¼å¹²å„¿,å°é±¼å¹²å„¿
11296,BigGirl,BigGirl
13398,imp,imp
12710,å¤§å†¯å„¿,å¤§å†¯å„¿
12836,sxk0825,sxk0825
10358,Dido,Dido
12813,ä¸æ˜¯å¤§æ¸…çš„å¤§æ¸…,ä¸æ˜¯å¤§æ¸…çš„å¤§æ¸…
12046,æœºè½¦å°‘å¥³éœ²éœ²é…±,æœºè½¦å°‘å¥³éœ²éœ²é…±
10087,å¦‚æžœå¢™ä¼šè¯´è¯,å¦‚æžœå¢™ä¼šè¯´è¯
10819,L.B.M,L.B.M
11484,äºŒçˆ·ä¸èŒ_,äºŒçˆ·ä¸èŒ_
12721,å´½å„¿,å´½å„¿
12507,è€å¹´èœé¸Ÿé˜¿ç»¿å­,è€å¹´èœé¸Ÿé˜¿ç»¿å­
12742,å®å¡”MOMO,å®å¡”MOMO
12166,Uva,Uva
13394,èŒå…œ,èŒå…œ
11852,ç¦¾ç«Ÿ,ç¦¾ç«Ÿ
10657,Patty_Li,Patty_Li
10835,å®¹æˆ‘æƒ³æƒ³,å®¹æˆ‘æƒ³æƒ³
12628,=,=
13154,å°äº”,å°äº”
10301,å“¦,å“¦
12107,Keggy,Keggy
11302,å°æ´‹è‘±é˜¿,å°æ´‹è‘±é˜¿
12178,å¤å¯žç†™Baby,å¤å¯žç†™Baby
10554,eeeev,eeeev
10469,bko,bko
10165,eou,eou
12600,å°çŒªéº¦å…œè›‹è›‹æ¯›,å°çŒªéº¦å…œè›‹è›‹æ¯›
13060,ä½ æ˜¯æˆ‘çš„,ä½ æ˜¯æˆ‘çš„
10867,é™ˆç»˜æ± ,é™ˆç»˜æ± 
11698,ç™½å˜žä¸ªç™½,ç™½å˜žä¸ªç™½
13228,æ— ä¸šå°‘å¥³,æ— ä¸šå°‘å¥³
12088,çŽ‹è±†èŠ½æ¢¦æƒ³æˆçœŸ,çŽ‹è±†èŠ½æ¢¦æƒ³æˆçœŸ
10208,è´¥è´¥é…±,è´¥è´¥é…±
12415,sunfloooo,sunfloooo
12954,æ—‹è½¬æ—‹è½¬,æ—‹è½¬æ—‹è½¬
10114,èœ»èœ“è®¡,èœ»èœ“è®¡
11796,ä¸å°é±¼å„¿,ä¸å°é±¼å„¿
11195,little boots,little boots
10395,æˆ‘å¦ˆæ¥äº†æ”¾å¼€æˆ‘,æˆ‘å¦ˆæ¥äº†æ”¾å¼€æˆ‘
11623,æ±¡å©†æŽ,æ±¡å©†æŽ
11662,Craigiehill-,Craigiehill-
11813,whitehead,whitehead
12230,ç¬‘æ­»æˆ‘äº†',ç¬‘æ­»æˆ‘äº†'
11147,ç«¹å­ç«¹å­,ç«¹å­ç«¹å­
12198,å°šå¤§å·å„¿,å°šå¤§å·å„¿
10698,Zephyr_LL,Zephyr_LL
12942,å¤§è„¸æ€ªæ˜¯æˆ‘æ²¡é”™,å¤§è„¸æ€ªæ˜¯æˆ‘æ²¡é”™
11311,å°é¹¿æ–‘æ¯”,å°é¹¿æ–‘æ¯”
10440,ç£¨äººçš„å°å¦–ç²¾,ç£¨äººçš„å°å¦–ç²¾
11639,åå¹´è¸ªè¿¹åå¹´å¿ƒ,åå¹´è¸ªè¿¹åå¹´å¿ƒ
12146,sungcho,sungcho
13346,meaning of u,meaning of u
12584,Limmmuyy,Limmmuyy
11300,Eartha,Eartha
11585,FairyGo,FairyGo
10423,æ¨±æœ¨çž³,æ¨±æœ¨çž³
11792,é™ˆæ¡‘,é™ˆæ¡‘
10771,yyyyyyuuuuuuu,yyyyyyuuuuuuu
12378,Crystal_lj,Crystal_lj
12208,Magic,Magic
10012,ç³Šé‡Œç³Šæ¶‚,ç³Šé‡Œç³Šæ¶‚
12241,one,one
11982,æ‰“æ€ªå°èƒ½æ‰‹ðŸ‰,æ‰“æ€ªå°èƒ½æ‰‹ðŸ‰
10896,Dawn,Dawn
10409,abcda,abcda
11545,æˆ‘æ˜¯è°,æˆ‘æ˜¯è°
11612,ç‡ƒ,ç‡ƒ
11186,å’©èŒ,å’©èŒ
11657,å¼ å°ç³¯Mamie,å¼ å°ç³¯Mamie
10105,å°±æ˜¯è¿™ä¹ˆé…·ç‚«,å°±æ˜¯è¿™ä¹ˆé…·ç‚«
11274,å§“æ¨çš„,å§“æ¨çš„
11857,æœ¬è´¨å¹´ç³•,æœ¬è´¨å¹´ç³•
12668,ç¬¬åä¸ƒé¢—æ¿æ —,ç¬¬åä¸ƒé¢—æ¿æ —
12534,Brownie,Brownie
10160,å¤§è±¡å°å¦žã€‚,å¤§è±¡å°å¦žã€‚
10076,ä¸€æ¯çƒ­å¥¶èŒ¶ç­‰å¾…,ä¸€æ¯çƒ­å¥¶èŒ¶ç­‰å¾…
11764,600am,600am
10177,ç„¶.,ç„¶.
11452,ç¼ç¼å…¶åŽ,ç¼ç¼å…¶åŽ
12718,è°­å†¬å¨Ÿ,è°­å†¬å¨Ÿ
10387,Shaun Qiu,Shaun Qiu
12715,Wyno,Wyno
13288,Elaine D7,Elaine D7
10194,æµ®å¤¸ä»”çš„å¼Ÿå¦¹ä»¬,æµ®å¤¸ä»”çš„å¼Ÿå¦¹ä»¬
12770,å¤§ç¾Žå®,å¤§ç¾Žå®
13009,è‰²è‰²æŠ“ä¸ªé¸¡,è‰²è‰²æŠ“ä¸ªé¸¡
10695,samå¤•,samå¤•
11347,æ²ˆå©‰ç§‹,æ²ˆå©‰ç§‹
10047,æˆ‘çš„çŒ«å«åƒå±Ž,æˆ‘çš„çŒ«å«åƒå±Ž
12207,die Katze,die Katze
11398,çŒ«,çŒ«
11932,xuyun817,xuyun817
10810,åä¸‰.,åä¸‰.
11378,Juli,Juli
13158,æ¾„æ¾„,æ¾„æ¾„
12757,-æž—ä½³,-æž—ä½³
13094,é‚£ä¸ª1980å¹´ä»£,é‚£ä¸ª1980å¹´ä»£
10005,Kilig,Kilig
13321,åååå¤´ç—›,åååå¤´ç—›
12119,åœ°å¡žç±³æ¾ç£·é…¸é’ æ³¨å°„æ¶²,åœ°å¡žç±³æ¾ç£·é…¸é’ æ³¨å°„æ¶²
13099,hjsndbdj,hjsndbdj
12225,nineone,nineone
12084,èª,èª
11126,s,s
10459,è€å½“æ¯…å£®å­¦è‹±è¯­,è€å½“æ¯…å£®å­¦è‹±è¯­
11964,å…‰ç¿Ÿ,å…‰ç¿Ÿ
11532,å†·æ™“ä¸§,å†·æ™“ä¸§
11496,é›²ä¸€æœµ,é›²ä¸€æœµ
11457,æ‰æœ¨,æ‰æœ¨
10595,äº¦éš,äº¦éš
12009,é›¨è¿‡å¤©æ™´,é›¨è¿‡å¤©æ™´
10950,ä»Šå¤©å¼€å§‹åƒé£Ÿå ‚,ä»Šå¤©å¼€å§‹åƒé£Ÿå ‚
10640,å°æ¸©å¦®,å°æ¸©å¦®
12997,èš‚èšæ²¡é—®é¢˜,èš‚èšæ²¡é—®é¢˜
11765,Cocoon,Cocoon
13291,ä¸è¯†,ä¸è¯†
10030,æ˜¥å¤ç§‹å†¬,æ˜¥å¤ç§‹å†¬
11609,ç”œèœ|æ­£å¼è¢«è¯„ä¸ºé è°±é’å¹´,ç”œèœ|æ­£å¼è¢«è¯„ä¸ºé è°±é’å¹´
12024,CathBox,CathBox
10868,æ˜¯ä½ éº»ç—¹å¤§å§¨äº†,æ˜¯ä½ éº»ç—¹å¤§å§¨äº†
10734,çŽ›ä¸½èŽ²èŒè·¯,çŽ›ä¸½èŽ²èŒè·¯
11270,Dalloway,Dalloway
10786,æ¢¦æ¸¸çš„æ¾é¼ ,æ¢¦æ¸¸çš„æ¾é¼ 
12748,kathy,kathy
12449,ãƒŸãƒã‚³,ãƒŸãƒã‚³
10622,å‘¨é£ž,å‘¨é£ž
12021,jacaranda,jacaranda
10552,æµ…è“è‰²,æµ…è“è‰²
12671,Ivy,Ivy
12055,Z,Z
11367,å¤•é¢œ,å¤•é¢œ
11762,èƒ¡å­å§‘å¨˜,èƒ¡å­å§‘å¨˜
13151,äºŒèŠ±,äºŒèŠ±
12812,_é±¼é±¼é±¼é±¼ä¸¸_,_é±¼é±¼é±¼é±¼ä¸¸_
10907,ä½ æƒ³æˆ‘å—,ä½ æƒ³æˆ‘å—
12432,ä»™å„¿å¤§çŽ‹,ä»™å„¿å¤§çŽ‹
10911,åžšåžšã€‚,åžšåžšã€‚
13169,å°æ»¡,å°æ»¡
11057,NINA,NINA
11721,å¤©æ°”å…ˆæ£®,å¤©æ°”å…ˆæ£®
13266,ä¸‰å§¨å¤ª,ä¸‰å§¨å¤ª
12941,å¹»çœŸ,å¹»çœŸ
10069,å‡¤å§,å‡¤å§
12981,liy,liy
12622,ä¹æ§,ä¹æ§
13244,å°è™Ž,å°è™Ž
12253,å˜Žå˜£è„†,å˜Žå˜£è„†
11070,Kusum,Kusum
12763,Joyce,Joyce
13046,èŽå­å®¶ã®å°ç—•,èŽå­å®¶ã®å°ç—•
13404,å°è‘µ,å°è‘µ
12008,å½­äºŽæ™çš„lover,å½­äºŽæ™çš„lover
12574,ci,ci
12556,å°æç´,å°æç´
10909,é…¥ç³–ä¸èŒ,é…¥ç³–ä¸èŒ
12311,è‹ç‘¾å¼¦,è‹ç‘¾å¼¦
13380,é£žå¤©å°‘å¥³çŒª,é£žå¤©å°‘å¥³çŒª
10799,æ•£æ­¥çš„è¥¿æŸš,æ•£æ­¥çš„è¥¿æŸš
10842,å°å—¯è‚–å¤®,å°å—¯è‚–å¤®
12825,ä¸åƒèƒ¡èåœæ–¯åŸº,ä¸åƒèƒ¡èåœæ–¯åŸº
10255,ç ‚æ—¶è®¡,ç ‚æ—¶è®¡
13384,è’åŽŸéº‹é¹¿,è’åŽŸéº‹é¹¿
12792,Deparel,Deparel
13011,zz,zz
11551,LuyaoChenSSS,LuyaoChenSSS
11183,çŒªç›æ¤’æ‰‹,çŒªç›æ¤’æ‰‹
12280,åˆé€‚çš„å¿«æ·é”®,åˆé€‚çš„å¿«æ·é”®
10530,yeyi713,yeyi713
12986,æ´²å¦ˆ,æ´²å¦ˆ
12722,çžæ¨±æ¸…,çžæ¨±æ¸…
10268,seaé±¼,seaé±¼
12109,vickyh1203,vickyh1203
11785,å¤ªé˜³15æ–¤,å¤ªé˜³15æ–¤
12071,æ³°å›½å°é“º,æ³°å›½å°é“º
10568,luomaomao,luomaomao
13264,ä¸€ç±³å…«,ä¸€ç±³å…«
12842,pattygd,pattygd
11696,Neee,Neee
10006,Masque,Masque
10751,æ¶‰æ±Ÿ,æ¶‰æ±Ÿ
12029,åƒè‚‰çš„å…”å­,åƒè‚‰çš„å…”å­
12003,æ¾„æ¾„æ¾„æ¾„æ¾„,æ¾„æ¾„æ¾„æ¾„æ¾„
11729,èŠ±å¼€èŠ±è½,èŠ±å¼€èŠ±è½
12048,æ²¡ä¸‹æ–‡,æ²¡ä¸‹æ–‡
12751,å¼ å¯å¯,å¼ å¯å¯
12390,èª,èª
11446,å°å¼±å¼Ÿ,å°å¼±å¼Ÿ
10979,AèŠ±é˜¿,AèŠ±é˜¿
11651,å¿ƒç³»ll,å¿ƒç³»ll
12736,23HyunWOO,23HyunWOO
13226,è¿·ä¿¡å¥¶é»„æ±¤åœ†å„¿,è¿·ä¿¡å¥¶é»„æ±¤åœ†å„¿
10526,Joy,Joy
10495,å¦‚ç¥žæœ‰æœˆ,å¦‚ç¥žæœ‰æœˆ
13137,ä¹ ä¹ ä¸­,ä¹ ä¹ ä¸­
13271,å¥¶èŒ¶çˆ±å¥½è€…,å¥¶èŒ¶çˆ±å¥½è€…
10860,ç»¿èŒ¶å‘³å„¿è‡å‡‰,ç»¿èŒ¶å‘³å„¿è‡å‡‰
12937,å°å‡æœŸ1818,å°å‡æœŸ1818
12829,ben,ben
12886,kiemy,kiemy
11920,Chloe,Chloe
13040,2436-92,2436-92
12073,æ¢¦,æ¢¦
11044,ä¸ä¼šé£žçš„çŒªçŒªä¾ ,ä¸ä¼šé£žçš„çŒªçŒªä¾ 
12728,é˜¿ç½—,é˜¿ç½—
11652,å®‹æ›¼çŽ²,å®‹æ›¼çŽ²
11049,å¥½ç‰©å•,å¥½ç‰©å•
13224,å¯†Michelle,å¯†Michelle
11845,å£¹å…ˆç”Ÿ,å£¹å…ˆç”Ÿ
13250,æƒ³å¥½åå­—å†æ”¹å,æƒ³å¥½åå­—å†æ”¹å
10484,tuple,tuple
10013,ç§¯æœ¨å±‹å­,ç§¯æœ¨å±‹å­
12656,MYK,MYK
11518,yangjagang,yangjagang
11197,CCLU,CCLU
13348,yoonaknows,yoonaknows
10431,å°åžƒåœ¾,å°åžƒåœ¾
11331,éœ¹é›³å¨‡ç†Š,éœ¹é›³å¨‡ç†Š
12780,çŒ«çš„æŠ¥æ©,çŒ«çš„æŠ¥æ©
10361,å¿µå®‰,å¿µå®‰
12250,SingYu,SingYu
10885,Allen poe,Allen poe
12264,SimplerLiving,SimplerLiving
12647,è€å°çŽ‹,è€å°çŽ‹
11145,å¤§çœ¼ç›å¤§è„¸åœ†åœ†,å¤§çœ¼ç›å¤§è„¸åœ†åœ†
11555,Manna,Manna
11025,ç™½æ¯›æµ®ç»¿æ°´,ç™½æ¯›æµ®ç»¿æ°´
11948,å°ç™½--nmn,å°ç™½--nmn
10912,æ½‹é›€,æ½‹é›€
10305,ç§‹å¤©ä¸ç©¿ç§‹è£¤,ç§‹å¤©ä¸ç©¿ç§‹è£¤
10658,é¢éœ¸,é¢éœ¸
11319,æºœæºœæ°´æ¸…,æºœæºœæ°´æ¸…
10781,æ ¼æ ¼å·«,æ ¼æ ¼å·«
10329,æœ¨æœ¨æž—,æœ¨æœ¨æž—
11211,æ¡ƒå¤­å¤­,æ¡ƒå¤­å¤­
10183,Aikohoney,Aikohoney
12153,yomukie,yomukie
13161,é™è¯­,é™è¯­
10065,.MANGATA,.MANGATA
10736,å¤éº¦è‘µ,å¤éº¦è‘µ
11173,ç¾Šå‹’ä¸ªå’©,ç¾Šå‹’ä¸ªå’©
10711,é˜¿é±¼,é˜¿é±¼
11670,Ahsin,Ahsin
12060,Jongao,Jongao
10460,çŽ‹é¥¿å¾·,çŽ‹é¥¿å¾·
10677,canon,canon
12580,æµªä»”,æµªä»”
12187,å…”å­ä¸åƒçªè¾¹è‰,å…”å­ä¸åƒçªè¾¹è‰
12991,LFZ,LFZ
11633,åŠå¤,åŠå¤
12216,è€è‰ºæœ¯å®¶,è€è‰ºæœ¯å®¶
11706,å¥”ä¸‰çš„è·¯ä¸Š,å¥”ä¸‰çš„è·¯ä¸Š
11003,é¥¼é£˜é£˜,é¥¼é£˜é£˜
10515,ç‚Žç‚Ž,ç‚Žç‚Ž
11131,é£Žæ¸…æ‰¬,é£Žæ¸…æ‰¬
11648,Kaiaber,Kaiaber
12789,å¼ è¯—é›¨Mirror,å¼ è¯—é›¨Mirror
11610,å³å³&Aimee,å³å³&Aimee
11020,å¡æ‹‰ç“¦ä¹”,å¡æ‹‰ç“¦ä¹”
12314,æ§²æ ‘è¡—7å·,æ§²æ ‘è¡—7å·
